talent_id,title_id
nm0002349,tt0096583
nm0002558,tt0403508
nm0002605,tt5615700
nm0004459,tt0215719
nm0005582,tt0305472
nm0006056,tt0403508
nm0006468,tt0201289
nm0009167,tt3059532
nm0010072,tt0305472
nm0012233,tt8697870
nm0015810,tt0403508
nm0017835,tt0032050
nm0018446,tt0091970
nm0018933,tt0064242
nm0022254,tt0059601
nm0023755,tt0482123
nm0023852,tt1785353
nm0028858,tt1470539
nm0036568,tt1470539
nm0039497,tt0328788
nm0040827,tt0096583
nm0044206,tt0110425
nm0051914,tt0215719
nm0054164,tt13672954
nm0055617,tt1470539
nm0057470,tt8697870
nm0061140,tt1562310
nm0063112,tt0403508
nm0063136,tt0110425
nm0068914,tt0110425
nm0070012,tt0210944
nm0070524,tt0055005
nm0071323,tt8697870
nm0072855,tt8697870
nm0076997,tt8697870
nm0081290,tt0110425
nm0082923,tt0096583
nm0084211,tt0096583
nm0086097,tt0477472
nm0087468,tt0167559
nm0087687,tt0900953
nm0088127,tt0403508
nm0093256,tt0408133
nm0095026,tt0295970
nm0096219,tt0110425
nm0096915,tt0115058
nm0097243,tt0032050
nm0099370,tt0110425
nm0101799,tt0403508
nm0106373,tt0305472
nm0113221,tt0138976
nm0113536,tt0403508
nm0122895,tt13830348
nm0127980,tt0055005
nm0129189,tt0096583
nm0130153,tt0215719
nm0136929,tt0096583
nm0139617,tt0201289
nm0140315,tt0138976
nm0141045,tt0403508
nm0143454,tt0215719
nm0143993,tt0096583
nm0146529,tt8697870
nm0147392,tt0096583
nm0151358,tt0403508
nm0153441,tt0167559
nm0153744,tt0403508
nm0157448,tt1969061
nm0159390,tt0110425
nm0165998,tt2309001
nm0169486,tt2268732
nm0173532,tt0027467
nm0174761,tt0215719
nm0178122,tt8697870
nm0186614,tt3038606
nm0187136,tt0064242
nm0191545,tt0417374
nm0192318,tt0403508
nm0192460,tt0138976
nm0194703,tt0119759
nm0199603,tt0305472
nm0204414,tt0263003
nm0204987,tt0403508
nm0205665,tt0324120
nm0212508,tt5615700
nm0213734,tt0138976
nm0214633,tt0281834
nm0215080,tt4701906
nm0216262,tt0096583
nm0218788,tt1500493
nm0220682,tt0403508
nm0222285,tt0096583
nm0222748,tt0201289
nm0226770,tt0356803
nm0227121,tt0096583
nm0228234,tt0055005
nm0229433,tt0032050
nm0231056,tt0032050
nm0232643,tt0096583
nm0232764,tt8697870
nm0233238,tt0215719
nm0235361,tt0403508
nm0236983,tt0403508
nm0241055,tt1003071
nm0241709,tt0482123
nm0242830,tt8697870
nm0245298,tt0055005
nm0250239,tt0096583
nm0251384,tt0215719
nm0254379,tt0403508
nm0254575,tt0096583
nm0256972,tt0215719
nm0258286,tt0403508
nm0262897,tt0096583
nm0263586,tt5635832
nm0268416,tt0143707
nm0270342,tt5615700
nm0270525,tt0087367
nm0270544,tt0201289
nm0272061,tt0215719
nm0277296,tt0305472
nm0277817,tt0403508
nm0283490,tt0096583
nm0283556,tt2918606
nm0289924,tt0239444
nm0294292,tt0138976
nm0297915,tt0328788
nm0299549,tt0078095
nm0303572,tt13830348
nm0304536,tt0138976
nm0305189,tt2016460
nm0307193,tt0366082
nm0310394,tt0036620
nm0312322,tt0281834
nm0316494,tt0403508
nm0316893,tt0403508
nm0317408,tt0403508
nm0319320,tt5615700
nm0320118,tt0403508
nm0323541,tt0064242
nm0329210,tt8697870
nm0330774,tt0064242
nm0331361,tt5615700
nm0333314,tt0403508
nm0334290,tt8697870
nm0335061,tt0770819
nm0342249,tt0305472
nm0345652,tt0267734
nm0346699,tt0403508
nm0347662,tt0215719
nm0348124,tt0215719
nm0348549,tt0064242
nm0353619,tt5615700
nm0354850,tt0403508
nm0355615,tt1500493
nm0357128,tt0059601
nm0358625,tt0110425
nm0364035,tt0096583
nm0364493,tt5615700
nm0365480,tt5615700
nm0366074,tt0096583
nm0370934,tt0770819
nm0371798,tt5615700
nm0373564,tt0096583
nm0375214,tt6910228
nm0377137,tt0041189
nm0379664,tt0412734
nm0382995,tt0091970
nm0383799,tt0403508
nm0385442,tt0403508
nm0385733,tt0324120
nm0387649,tt0138976
nm0389173,tt0305472
nm0392371,tt8697870
nm0394220,tt0403508
nm0394519,tt0096583
nm0396339,tt0096583
nm0398132,tt0403508
nm0398341,tt0239444
nm0399999,tt0477472
nm0402024,tt0215719
nm0403613,tt1176434
nm0404849,tt0157776
nm0410886,tt0403508
nm0413726,tt1470539
nm0414227,tt0096583
nm0418629,tt4947942
nm0421582,tt0403508
nm0423451,tt0115058
nm0431039,tt0110425
nm0437248,tt0445049
nm0443287,tt5615700
nm0443508,tt0032050
nm0444728,tt1470539
nm0445517,tt0138976
nm0445629,tt0064242
nm0447698,tt8697870
nm0451295,tt1202295
nm0453663,tt0333416
nm0454008,tt8697870
nm0454054,tt0403508
nm0456734,tt0403508
nm0458505,tt0403508
nm0461462,tt0096583
nm0463959,tt0032050
nm0464967,tt0078095
nm0465350,tt0403508
nm0469342,tt0055005
nm0469842,tt2268732
nm0470000,tt0138976
nm0471092,tt0403508
nm0473041,tt0032050
nm0474498,tt0032050
nm0477844,tt0096583
nm0480651,tt0032050
nm0481344,tt1562310
nm0486749,tt0403508
nm0490112,tt8697870
nm0493985,tt0239444
nm0497639,tt0186701
nm0500200,tt0305472
nm0500945,tt0055005
nm0502001,tt0096583
nm0502560,tt0022864
nm0503997,tt0036620
nm0505588,tt0366082
nm0507517,tt0009119
nm0510227,tt0472813
nm0510228,tt0305472
nm0510911,tt0157776
nm0513484,tt0482123
nm0515330,tt5615700
nm0515652,tt0900953
nm0524462,tt0324120
nm0524609,tt0055005
nm0529038,tt0041189
nm0529286,tt1371579
nm0530047,tt0239444
nm0531186,tt0295970
nm0531541,tt0201289
nm0532089,tt8697870
nm0537382,tt0403508
nm0540001,tt0096583
nm0540688,tt3059532
nm0548736,tt0096583
nm0548857,tt0096583
nm0549789,tt0119759
nm0549867,tt0239444
nm0550449,tt0403508
nm0556500,tt0032050
nm0559104,tt5615700
nm0562314,tt0403508
nm0562747,tt0091970
nm0564789,tt0215719
nm0564824,tt0206127
nm0565640,tt1202295
nm0566435,tt0215719
nm0567330,tt0403508
nm0571801,tt0096583
nm0575434,tt0230094
nm0578233,tt0338027
nm0579085,tt0045779
nm0579585,tt8697870
nm0580629,tt0096583
nm0581874,tt0055005
nm0586790,tt0239444
nm0588540,tt0138976
nm0592147,tt0119759
nm0593627,tt0215719
nm0596565,tt0775456
nm0600068,tt0403508
nm0600764,tt0096583
nm0600899,tt5615700
nm0601471,tt0096583
nm0602424,tt6566878
nm0604136,tt0403508
nm0607404,tt0096583
nm0609699,tt0091970
nm0609824,tt0096583
nm0614564,tt2071553
nm0617548,tt0491388
nm0624618,tt0013698
nm0624890,tt0248846
nm0625239,tt0305472
nm0625759,tt0482123
nm0627741,tt0096583
nm0630945,tt7099176
nm0640873,tt0096583
nm0641304,tt2268732
nm0642041,tt0477472
nm0649085,tt0361412
nm0650928,tt0239444
nm0651293,tt0087367
nm0651795,tt0482123
nm0652066,tt1470539
nm0654240,tt5615700
nm0657856,tt0403508
nm0658442,tt0403508
nm0659792,tt0196391
nm0661087,tt0403508
nm0665437,tt1470539
nm0668281,tt0403508
nm0670270,tt0087367
nm0670478,tt0403508
nm0671302,tt0096583
nm0673094,tt0110425
nm0675383,tt0096583
nm0678400,tt0403508
nm0684996,tt2268732
nm0685476,tt2268732
nm0688615,tt1817791
nm0688716,tt0032050
nm0689791,tt0073477
nm0690127,tt0032050
nm0691042,tt0064242
nm0695630,tt0403508
nm0701576,tt0032050
nm0702320,tt0900953
nm0705867,tt0064242
nm0706880,tt3038606
nm0708220,tt1808107
nm0714346,tt0277160
nm0715091,tt5615700
nm0721645,tt8697870
nm0725961,tt3479536
nm0731971,tt0403508
nm0736879,tt0138976
nm0741125,tt0403508
nm0748491,tt0110425
nm0751692,tt1969061
nm0752851,tt0096583
nm0754978,tt0403508
nm0757842,tt0239444
nm0757925,tt0022864
nm0758532,tt0096583
nm0761361,tt0041189
nm0772094,tt1174014
nm0774312,tt0248846
nm0774347,tt0403508
nm0777762,tt0087367
nm0778375,tt0253599
nm0780681,tt2463136
nm0795686,tt0215719
nm0795962,tt0143707
nm0797134,tt0215719
nm0806229,tt1176434
nm0806942,tt1785353
nm0811237,tt13326750
nm0828654,tt2918606
nm0829820,tt5615700
nm0833281,tt0491388
nm0841528,tt0096583
nm0848554,tt0403508
nm0849230,tt2473832
nm0849990,tt0215719
nm0850938,tt0821790
nm0855060,tt0215719
nm0855264,tt0403508
nm0855673,tt0110425
nm0856879,tt0096583
nm0857975,tt0215719
nm0858208,tt0110425
nm0861274,tt4248130
nm0864780,tt12229456
nm0868575,tt0138976
nm0869395,tt1483781
nm0869548,tt0403508
nm0870643,tt1954854
nm0880684,tt5615700
nm0882331,tt3479536
nm0882905,tt0277160
nm0883885,tt0119759
nm0884299,tt1470539
nm0884629,tt0032050
nm0897459,tt0167559
nm0900344,tt3479536
nm0906998,tt5615700
nm0909085,tt0403508
nm0909650,tt0096583
nm0912073,tt0770819
nm0912592,tt0201289
nm0913018,tt2780098
nm0916382,tt0421990
nm0917852,tt0477472
nm0923370,tt0055005
nm0927234,tt0403508
nm0927312,tt0403508
nm0929010,tt0096583
nm0931508,tt0403508
nm0933481,tt2309001
nm0934223,tt0403508
nm0934733,tt0110425
nm0935249,tt0087367
nm0940259,tt1500493
nm0941461,tt0138976
nm0949726,tt0403508
nm0957144,tt0138976
nm0959000,tt0770819
nm0972248,tt0215719
nm0994553,tt5615700
nm0996411,tt0286565
nm0999302,tt0319480
nm10004840,tt8647390
nm10004847,tt8647390
nm10011389,tt8697870
nm1001751,tt0319480
nm10021599,tt5615700
nm10036656,tt8817272
nm10042610,tt10572870
nm1004701,tt0403508
nm10055684,tt8697870
nm10066421,tt8885846
nm10066603,tt13152254
nm10068318,tt8885846
nm10068323,tt8885846
nm10068331,tt8885846
nm10068342,tt8885846
nm10068344,tt8885846
nm10068345,tt8885846
nm10068346,tt8885846
nm10068347,tt8885846
nm10068348,tt8885846
nm10068350,tt8885846
nm10068351,tt8885846
nm10070361,tt12719846
nm1007355,tt0403508
nm10084575,tt8697870
nm10084954,tt8647390
nm10092616,tt8697870
nm10095176,tt8697870
nm1009621,tt0403508
nm10099971,tt8954058
nm10099973,tt8954058
nm1010104,tt0403508
nm10116617,tt8954058
nm10116626,tt8954058
nm10119397,tt8992986
nm10119398,tt8992986
nm10119399,tt8992986
nm10119400,tt8992986
nm10119401,tt8992986
nm1012325,tt8697870
nm10130221,tt8697870
nm10130506,tt15368984
nm10134529,tt9654134
nm10135107,tt13135806
nm10138422,tt8697870
nm10142938,tt8697870
nm10151707,tt9654134
nm10164844,tt8697870
nm10167422,tt5615700
nm10174097,tt8697870
nm10181172,tt8697870
nm10183660,tt8697870
nm10185119,tt2994948
nm10185333,tt8647390
nm10193393,tt5615700
nm10194433,tt11013952
nm10196919,tt8697870
nm1019742,tt1433517
nm10200747,tt9150206
nm10201825,tt8697870
nm10204158,tt8343126
nm10217696,tt9189292
nm10217728,tt9189292
nm10217730,tt9189292
nm10217731,tt9189292
nm10228618,tt9749952
nm10237069,tt0403508
nm10238085,tt8697870
nm10247202,tt16279228
nm1024840,tt2463136
nm10257136,tt5615700
nm10257358,tt8697870
nm10260928,tt11013952
nm10265164,tt11198412
nm1026528,tt0398896
nm10270223,tt13830348
nm10278266,tt14074164
nm10289564,tt8697870
nm10305485,tt5615700
nm10305515,tt5615700
nm1031505,tt2289149
nm1031854,tt0403508
nm10320654,tt5615700
nm10321633,tt8697870
nm10325365,tt11394188
nm10326203,tt8697870
nm10326417,tt12719846
nm10362084,tt8697870
nm10367614,tt8697870
nm10369752,tt9537334
nm10369753,tt9537334
nm10369754,tt9537334
nm1037875,tt11394188
nm1038198,tt0403508
nm10402199,tt8697870
nm10406752,tt8697870
nm10408339,tt8697870
nm10415355,tt13352198
nm10424350,tt9654134
nm10424351,tt9654134
nm10424352,tt9654134
nm10424353,tt9654134
nm10427295,tt5615700
nm10433005,tt12220858
nm1043636,tt1785353
nm10437286,tt8697870
nm10443860,tt8697870
nm10451498,tt12719846
nm1046102,tt6849882
nm10467046,tt10071282
nm10469402,tt8697870
nm10471209,tt13020856
nm10475890,tt10500182
nm10476306,tt5615700
nm10479120,tt13020856
nm10483562,tt12719846
nm10488813,tt5615700
nm10496846,tt0096583
nm10506740,tt14017054
nm10512238,tt8697870
nm10512314,tt0426590
nm10512736,tt4701906
nm1052335,tt4145184
nm10525900,tt8697870
nm10527018,tt6999026
nm10531125,tt5615700
nm10542070,tt8697870
nm10546708,tt8697870
nm10558935,tt8697870
nm10559897,tt13352198
nm10567233,tt8697870
nm10567236,tt8697870
nm10567608,tt12719846
nm10568752,tt10071282
nm10568754,tt10071282
nm10586117,tt12719846
nm1058770,tt0482123
nm10597254,tt13830348
nm10606552,tt8697870
nm10607826,tt5615700
nm10609336,tt13135806
nm1060944,tt11013952
nm10616485,tt8697870
nm10622985,tt13830348
nm10626421,tt14074164
nm10627317,tt8697870
nm10641203,tt9856372
nm1065229,tt0403508
nm10654671,tt4701906
nm10656872,tt8697870
nm10660260,tt8697870
nm10676646,tt13830348
nm10695185,tt5615700
nm10712114,tt12719846
nm1071260,tt0305472
nm10713311,tt8697870
nm1071529,tt0305472
nm10717111,tt13830348
nm10730099,tt12719846
nm10734474,tt8697870
nm10736932,tt8697870
nm1074130,tt8697870
nm1075110,tt4701906
nm10751369,tt12719846
nm10766048,tt11394188
nm10779979,tt13352198
nm10783185,tt8697870
nm1078772,tt0138976
nm10788062,tt5615700
nm10789578,tt16119612
nm10823881,tt8697870
nm10823918,tt14017054
nm10825955,tt8697870
nm1082921,tt0417374
nm10831740,tt8697870
nm10832228,tt11272882
nm10838922,tt13672954
nm10858915,tt13020856
nm1086244,tt2016460
nm10867416,tt8697870
nm10869098,tt8697870
nm10877882,tt11272882
nm10878794,tt13574646
nm10879005,tt8697870
nm10879032,tt8697870
nm10880874,tt5615700
nm10902220,tt8697870
nm10908841,tt8697870
nm1091118,tt0319480
nm1091199,tt0403508
nm10914249,tt8697870
nm10936629,tt8697870
nm10942025,tt4298008
nm10948160,tt13672954
nm1095986,tt8697870
nm1096070,tt0403508
nm10964496,tt11394188
nm10965426,tt13352198
nm10968498,tt12719846
nm10971412,tt8697870
nm10978241,tt13135806
nm10979185,tt11451528
nm10993687,tt8697870
nm10993794,tt8697870
nm10996256,tt11394188
nm10998125,tt5615700
nm11005702,tt13020856
nm11005851,tt12719846
nm11011114,tt17079684
nm11011653,tt12047600
nm11011657,tt12047600
nm11012969,tt11013952
nm11012970,tt11013952
nm11012971,tt11013952
nm11022502,tt11037642
nm1102382,tt0426590
nm11029937,tt8697870
nm11032026,tt5615700
nm11040120,tt8697870
nm11043132,tt8697870
nm1104862,tt0277160
nm11052012,tt8697870
nm1106126,tt0277160
nm1106512,tt0277160
nm11071940,tt18072240
nm11071941,tt18072240
nm11071942,tt18072240
nm11071944,tt18072240
nm11071946,tt18072240
nm11071949,tt18072240
nm11071950,tt18072240
nm11071952,tt18072240
nm11072962,tt8697870
nm1108684,tt1867363
nm11091847,tt11198412
nm11092773,tt8697870
nm1109728,tt0403508
nm11108569,tt0201289
nm11108570,tt0201289
nm11108571,tt0201289
nm11108572,tt0201289
nm11119057,tt11256450
nm11119058,tt11256450
nm11119059,tt11256450
nm11119060,tt11256450
nm11119062,tt11256450
nm11119063,tt11256450
nm11119064,tt11256450
nm11120438,tt11256450
nm11123061,tt12719846
nm11124473,tt11272882
nm11127059,tt11013952
nm11128353,tt5334154
nm11140820,tt8697870
nm11146493,tt8697870
nm11147839,tt12278870
nm1114826,tt0403508
nm11148277,tt8697870
nm11149493,tt12719846
nm1115459,tt0403508
nm11155238,tt15368984
nm11156362,tt11337440
nm11157311,tt12719846
nm11188056,tt11410200
nm11188110,tt11410200
nm11191777,tt0403508
nm11207970,tt8697870
nm1122511,tt0305472
nm1122932,tt0305472
nm11242748,tt11394188
nm11242898,tt11394188
nm11242948,tt11394188
nm11242955,tt11394188
nm11242985,tt11394188
nm11242993,tt11394188
nm11242994,tt11394188
nm11242995,tt11394188
nm11242996,tt11394188
nm11242997,tt11394188
nm11242998,tt11394188
nm1124309,tt0305472
nm11243115,tt11394188
nm11243151,tt11394188
nm11243152,tt11394188
nm11243153,tt11394188
nm11243384,tt0055005
nm1125554,tt4701906
nm11256544,tt8697870
nm11264516,tt16297088
nm1126600,tt11981782
nm1127125,tt0032050
nm1128139,tt1202295
nm11283543,tt8697870
nm11294745,tt8697870
nm11297417,tt8697870
nm11305102,tt11394188
nm11305103,tt11394188
nm11310222,tt4978412
nm11310724,tt13830348
nm1131495,tt0215719
nm11316172,tt8697870
nm11330811,tt8697870
nm11336181,tt8697870
nm11338777,tt8697870
nm11351736,tt8697870
nm11356437,tt13450958
nm11360645,tt13830348
nm1136605,tt1470539
nm11370907,tt11394188
nm11370908,tt11394188
nm11370909,tt11394188
nm11370910,tt11394188
nm11370911,tt11394188
nm11371391,tt13020856
nm11381399,tt19298226
nm11394480,tt5615700
nm11396776,tt8697870
nm11403012,tt8697870
nm11406737,tt8697870
nm11418830,tt12319254
nm11422013,tt11272882
nm11424697,tt8697870
nm11435275,tt13135806
nm11438351,tt12719846
nm1144139,tt0403508
nm11451015,tt13483880
nm11469955,tt5615700
nm11500587,tt11394188
nm11512975,tt12839216
nm11515902,tt12220858
nm11516200,tt15368984
nm11516770,tt12187454
nm11516771,tt12187454
nm11516772,tt12187454
nm11522771,tt8697870
nm11531846,tt11451528
nm11532207,tt12220858
nm11532208,tt12220858
nm11543699,tt5615700
nm1154431,tt0220525
nm11547045,tt5615700
nm1154737,tt0431201
nm1154803,tt0314810
nm11560609,tt12278870
nm11560610,tt12278870
nm11560613,tt12278870
nm11560614,tt12278870
nm11566268,tt0403508
nm1156795,tt0314810
nm11572615,tt11394188
nm11573137,tt11394188
nm11576771,tt8697870
nm11577402,tt8697870
nm1159403,tt3059532
nm1159991,tt0333416
nm11603792,tt8697870
nm11604659,tt11451528
nm11608792,tt11451528
nm11608793,tt11451528
nm11612339,tt11272882
nm11615728,tt20101978
nm11619729,tt5615700
nm11625211,tt12425764
nm1162815,tt2309001
nm11633069,tt14017054
nm1164437,tt5615700
nm11660270,tt8697870
nm11671699,tt13830348
nm11680262,tt13830348
nm1168400,tt3479536
nm1169365,tt2309001
nm11710037,tt8697870
nm11715040,tt13152254
nm11722276,tt8697870
nm11726548,tt8697870
nm1173031,tt0403508
nm11741636,tt12719846
nm11741637,tt12719846
nm11741638,tt12719846
nm11741639,tt12719846
nm11741640,tt12719846
nm11741641,tt12719846
nm11741680,tt12719846
nm11741681,tt12719846
nm11741682,tt12719846
nm11741683,tt12719846
nm11741694,tt12719846
nm11741708,tt12719846
nm11741775,tt12719846
nm11741776,tt12719846
nm11741777,tt12719846
nm11741778,tt12719846
nm11741779,tt12719846
nm11741780,tt12719846
nm11741781,tt12719846
nm11741782,tt12719846
nm11741783,tt12719846
nm11741784,tt12719846
nm11741785,tt12719846
nm11741786,tt12719846
nm11741787,tt12719846
nm11741788,tt12719846
nm11741789,tt12719846
nm11741790,tt12719846
nm11741791,tt12719846
nm11741792,tt12719846
nm11741793,tt12719846
nm11741794,tt12719846
nm11743134,tt8697870
nm11746131,tt0900953
nm11746132,tt0900953
nm11746133,tt0900953
nm11746134,tt0900953
nm1175427,tt8697870
nm11760436,tt12719846
nm11760437,tt12719846
nm11760438,tt12719846
nm11760445,tt12719846
nm11760452,tt12719846
nm11769808,tt14180740
nm11774496,tt5615700
nm11776337,tt8697870
nm11785788,tt18327618
nm11787003,tt12220858
nm11787004,tt12220858
nm11788060,tt12830788
nm11788061,tt12830788
nm1178989,tt4947942
nm11791676,tt12839216
nm11791682,tt12839216
nm11802378,tt13152254
nm11812811,tt13352198
nm11824678,tt8697870
nm1182749,tt2186614
nm11847779,tt15451356
nm11852710,tt8697870
nm11854090,tt12839216
nm1185694,tt6566878
nm11865524,tt13020856
nm11865525,tt13020856
nm11865526,tt13020856
nm11865527,tt13020856
nm11865528,tt13020856
nm11865529,tt13020856
nm11865530,tt13020856
nm11865531,tt13020856
nm11865532,tt13020856
nm11865533,tt13020856
nm11865534,tt13020856
nm11866848,tt14180740
nm11875085,tt8697870
nm11893808,tt13830348
nm1189587,tt0403508
nm11903969,tt13103456
nm11903970,tt13103456
nm11903971,tt13103456
nm11903972,tt13103456
nm11907847,tt13830348
nm11907854,tt13830348
nm11916102,tt13135806
nm11916103,tt13135806
nm11916104,tt13135806
nm11916105,tt13135806
nm11916106,tt13135806
nm11916109,tt13135806
nm11919834,tt13144054
nm11920601,tt13830348
nm11920634,tt13830348
nm11921443,tt13135806
nm11921652,tt8697870
nm1192900,tt0403508
nm11934849,tt8697870
nm11936434,tt8697870
nm11943228,tt13152254
nm11943229,tt13152254
nm11944218,tt8697870
nm1194535,tt0101211
nm1194579,tt6616096
nm11967475,tt13664684
nm1196915,tt0324120
nm11971156,tt8697870
nm1197909,tt0324120
nm1197988,tt0324120
nm11981775,tt16119612
nm11989649,tt13292780
nm12002073,tt19298226
nm12002310,tt8697870
nm12005186,tt8697870
nm1202655,tt0314810
nm12035877,tt13352198
nm12035878,tt13352198
nm12035881,tt13352198
nm12037564,tt8697870
nm12037576,tt15195834
nm12037710,tt8697870
nm12040017,tt8697870
nm12051270,tt11272882
nm12052542,tt8697870
nm12055509,tt8697870
nm12069210,tt8697870
nm12071014,tt15368984
nm12074501,tt13483880
nm1207554,tt0403508
nm12077576,tt13483880
nm12081851,tt13450958
nm1209716,tt1024875
nm12114021,tt11394188
nm12114376,tt13574646
nm12117215,tt14278696
nm1214107,tt6477924
nm12154000,tt5615700
nm1215462,tt6910228
nm12160473,tt13672954
nm12160474,tt13672954
nm12160476,tt13672954
nm1216637,tt3853494
nm12166730,tt13648554
nm12166754,tt13648554
nm12169773,tt8697870
nm12171172,tt8697870
nm12177699,tt8697870
nm12183645,tt3479536
nm12183646,tt3479536
nm12186310,tt8697870
nm1220060,tt0143707
nm12202281,tt15451356
nm12212063,tt8697870
nm12216207,tt14180740
nm12228780,tt8697870
nm12229306,tt9654134
nm12255173,tt8697870
nm12257703,tt12220858
nm12257707,tt12220858
nm12283245,tt15368984
nm12283246,tt15368984
nm12304144,tt14017054
nm12304145,tt14017054
nm12304146,tt14017054
nm12316117,tt9788646
nm12320464,tt15368984
nm12331092,tt14351914
nm12331093,tt14351914
nm12331095,tt14351914
nm12331096,tt14351914
nm1233896,tt2268732
nm12347977,tt12220858
nm12347978,tt12220858
nm12347979,tt12220858
nm12347980,tt12220858
nm12347981,tt12220858
nm12347983,tt12220858
nm12347984,tt12220858
nm12347985,tt12220858
nm12347986,tt12220858
nm12348028,tt12220858
nm12348030,tt12220858
nm12348031,tt12220858
nm12348032,tt12220858
nm12349392,tt12220858
nm12349645,tt8697870
nm12349652,tt8697870
nm12362955,tt8697870
nm12373496,tt4701906
nm12377903,tt8697870
nm1237850,tt0319480
nm1238158,tt6286586
nm12383555,tt8697870
nm12385326,tt0356803
nm12394250,tt9914808
nm12395952,tt8697870
nm1239824,tt1705074
nm12401312,tt13830348
nm12416433,tt13830348
nm12417988,tt14278696
nm12417989,tt14278696
nm12421384,tt8697870
nm12433650,tt8697870
nm12447438,tt14351914
nm12447439,tt14351914
nm12447440,tt14351914
nm12455158,tt13830348
nm1246847,tt0403508
nm12471191,tt8697870
nm12472428,tt9654134
nm12474205,tt8697870
nm12480647,tt8697870
nm12480990,tt8697870
nm12480991,tt8697870
nm12487155,tt9654134
nm12487162,tt9654134
nm1249059,tt0101211
nm1249065,tt0403508
nm12494977,tt14556470
nm12500889,tt14180740
nm12502829,tt9654134
nm12518979,tt8697870
nm1252676,tt0333416
nm1252678,tt0333416
nm12529218,tt19298226
nm12533345,tt9654134
nm12533700,tt16297088
nm12536191,tt14564900
nm12536193,tt14564900
nm12536194,tt14564900
nm12536195,tt14564900
nm12536196,tt14564900
nm12536197,tt14564900
nm12538155,tt8697870
nm1253834,tt6616096
nm1254509,tt0096583
nm1254601,tt0333416
nm12554172,tt15368984
nm12554173,tt15368984
nm12572166,tt8697870
nm12580053,tt15368984
nm12583061,tt6999026
nm12586525,tt8697870
nm12602106,tt8697870
nm12603189,tt8697870
nm1260431,tt0366082
nm1261051,tt7108994
nm12632921,tt14780344
nm12633688,tt14780344
nm12636308,tt1174014
nm12636677,tt8697870
nm12648865,tt8697870
nm12665685,tt13664684
nm12674692,tt8697870
nm12684504,tt8697870
nm12685179,tt8697870
nm1272652,tt12830788
nm1274573,tt4968190
nm1275002,tt0366082
nm1275307,tt0338027
nm1275782,tt0338027
nm1276185,tt0041189
nm1276433,tt0338027
nm1277168,tt0338027
nm1277717,tt0338027
nm1278510,tt12830788
nm1279654,tt3812944
nm12800922,tt9654134
nm12800923,tt9654134
nm12800924,tt9654134
nm12800925,tt9654134
nm12800926,tt9654134
nm12800927,tt9654134
nm12800929,tt9654134
nm12800931,tt9654134
nm12800932,tt9654134
nm12800933,tt9654134
nm12820070,tt10516496
nm12820098,tt10516496
nm1282619,tt0096583
nm12827214,tt8697870
nm12827216,tt8697870
nm12827222,tt8697870
nm12827224,tt8697870
nm12827225,tt8697870
nm12827226,tt8697870
nm12827227,tt8697870
nm12827228,tt8697870
nm12827229,tt8697870
nm12839557,tt8697870
nm12863694,tt15301750
nm12863696,tt15301750
nm1286373,tt0403508
nm12870787,tt13830348
nm12879280,tt15301750
nm12880752,tt13830348
nm12881453,tt13830348
nm12881454,tt13830348
nm12885974,tt8697870
nm12885996,tt13830348
nm12885997,tt13830348
nm12885998,tt13830348
nm12885999,tt13830348
nm12886001,tt13830348
nm12886003,tt13830348
nm12886004,tt13830348
nm12886005,tt13830348
nm12886042,tt13830348
nm12886043,tt13830348
nm12886045,tt13830348
nm12886063,tt13830348
nm12886064,tt13830348
nm12886065,tt13830348
nm12886066,tt13830348
nm12886074,tt13830348
nm1289693,tt1785353
nm12901091,tt14180740
nm12901092,tt14180740
nm12901301,tt14180740
nm1291491,tt0201289
nm12915791,tt8697870
nm1291653,tt5615700
nm12928037,tt8697870
nm12928106,tt5615700
nm12937733,tt14180740
nm12937734,tt14180740
nm12937735,tt14180740
nm12937736,tt14180740
nm12937737,tt14180740
nm12937738,tt14180740
nm12937739,tt14180740
nm12938922,tt8697870
nm12945536,tt13830348
nm12945538,tt13830348
nm12945707,tt13830348
nm12949187,tt15451356
nm12949188,tt15451356
nm12949189,tt15451356
nm12949190,tt15451356
nm1295156,tt0408133
nm12959282,tt20101978
nm1298772,tt0347574
nm12998346,tt6999026
nm13008996,tt12719846
nm13011021,tt8697870
nm13014921,tt15704284
nm13014922,tt15704284
nm13014923,tt15704284
nm13014924,tt15704284
nm1302363,tt6616096
nm13026581,tt17079684
nm1302738,tt0305472
nm13029321,tt15679700
nm13029322,tt15679700
nm1305513,tt0096583
nm13071672,tt8697870
nm13079643,tt8697870
nm13081882,tt8697870
nm13087412,tt16279228
nm1309844,tt0900953
nm1311256,tt4701906
nm13122199,tt14180740
nm13122200,tt14180740
nm13123550,tt20217332
nm13131968,tt16119612
nm13131969,tt16119612
nm13131970,tt16119612
nm13131971,tt16119612
nm13131972,tt16119612
nm13131973,tt16119612
nm13134224,tt19731308
nm1313600,tt0380054
nm13138638,tt12719846
nm1314142,tt2309001
nm13150705,tt14180740
nm13150706,tt14180740
nm13154705,tt9914808
nm13156295,tt16306338
nm13156296,tt16306338
nm13158787,tt16306338
nm13159559,tt19731308
nm13164022,tt14180740
nm13164023,tt14180740
nm13164024,tt14180740
nm13164025,tt14180740
nm13164041,tt14180740
nm13164788,tt13135806
nm13164872,tt13135806
nm13166659,tt8697870
nm13169626,tt16279228
nm13176160,tt8697870
nm13178733,tt16297088
nm13178734,tt16297088
nm13178735,tt16297088
nm13178736,tt16297088
nm13178737,tt16297088
nm13178738,tt16297088
nm13178739,tt16297088
nm13178740,tt16297088
nm13178741,tt16297088
nm13178742,tt16297088
nm13178743,tt16297088
nm13178744,tt16297088
nm13178745,tt16297088
nm13178746,tt16297088
nm1317886,tt0403508
nm13182401,tt16306338
nm1319667,tt0352183
nm1319765,tt0482123
nm13220360,tt18372308
nm13225649,tt8697870
nm13235991,tt8697870
nm13237583,tt8697870
nm13251392,tt8697870
nm13261466,tt15368984
nm1327019,tt0403508
nm1328308,tt0770819
nm13292728,tt8697870
nm1334248,tt0900953
nm1337826,tt0295970
nm1338542,tt0191583
nm1341581,tt2463136
nm13432091,tt18327618
nm13440638,tt4701906
nm13440639,tt4701906
nm13440640,tt4701906
nm13440642,tt4701906
nm13440643,tt4701906
nm13440644,tt4701906
nm13440645,tt4701906
nm13440646,tt4701906
nm13440647,tt4701906
nm13440648,tt4701906
nm13440649,tt4701906
nm13440656,tt4701906
nm13440657,tt4701906
nm13440658,tt4701906
nm13440659,tt4701906
nm13440660,tt4701906
nm13440661,tt4701906
nm13440662,tt4701906
nm13440663,tt4701906
nm13440664,tt4701906
nm13440665,tt4701906
nm13440666,tt4701906
nm13440667,tt4701906
nm13440668,tt4701906
nm13440669,tt4701906
nm13440670,tt4701906
nm13440671,tt4701906
nm13440672,tt4701906
nm13440673,tt4701906
nm13440674,tt4701906
nm13440675,tt4701906
nm13440676,tt4701906
nm13440677,tt4701906
nm13440678,tt4701906
nm13440679,tt4701906
nm13440680,tt4701906
nm13440681,tt4701906
nm13440682,tt4701906
nm13440683,tt4701906
nm13440684,tt4701906
nm13440685,tt4701906
nm13440686,tt4701906
nm13440687,tt4701906
nm13440688,tt4701906
nm13440689,tt4701906
nm13440690,tt4701906
nm13440691,tt4701906
nm13440692,tt4701906
nm13440693,tt4701906
nm13440694,tt4701906
nm13440695,tt4701906
nm13440696,tt4701906
nm13440697,tt4701906
nm13440698,tt4701906
nm13440699,tt4701906
nm13440700,tt4701906
nm13440701,tt4701906
nm13440702,tt4701906
nm13440703,tt4701906
nm13440704,tt4701906
nm13440707,tt4701906
nm13440708,tt4701906
nm13440710,tt4701906
nm13440729,tt4701906
nm13440731,tt4701906
nm13440732,tt4701906
nm13440733,tt4701906
nm13440734,tt4701906
nm13440735,tt4701906
nm13440736,tt4701906
nm13440737,tt4701906
nm13440738,tt4701906
nm13440739,tt4701906
nm13440741,tt4701906
nm13440742,tt4701906
nm13440743,tt4701906
nm13440744,tt4701906
nm13440745,tt4701906
nm13440747,tt4701906
nm13449092,tt15368984
nm1345533,tt0403508
nm1346100,tt8697870
nm13465442,tt8697870
nm13465478,tt8697870
nm1346635,tt0305472
nm13480172,tt18372308
nm1348171,tt1470539
nm1348195,tt0096583
nm1350816,tt0319480
nm1350857,tt0403508
nm13528181,tt8697870
nm1353102,tt1560707
nm13531705,tt8697870
nm13533040,tt19268264
nm13534635,tt12719846
nm13535104,tt19298226
nm13535105,tt19298226
nm13535106,tt19298226
nm13535107,tt19298226
nm13535108,tt19298226
nm13535109,tt19298226
nm13535110,tt19298226
nm13535111,tt19298226
nm13535112,tt19298226
nm13535113,tt19298226
nm13538224,tt19298226
nm13538234,tt19298226
nm1353913,tt0361412
nm13553029,tt19394738
nm13553030,tt19394738
nm13553031,tt19394738
nm13553032,tt19394738
nm13553033,tt19394738
nm13553034,tt19394738
nm13553035,tt19394738
nm13553036,tt19394738
nm13553037,tt19394738
nm13553038,tt19394738
nm13553039,tt19394738
nm13553043,tt19394738
nm13553044,tt19394738
nm13553045,tt19394738
nm1355403,tt0215719
nm13560447,tt8697870
nm13567356,tt18372308
nm13567357,tt18372308
nm13567358,tt18372308
nm13567359,tt18372308
nm1357710,tt0361412
nm13579379,tt11223418
nm1358551,tt0319480
nm13585886,tt8697870
nm13592556,tt20604284
nm13597759,tt17079684
nm13607202,tt5615700
nm13614169,tt8697870
nm1362741,tt0403508
nm13627618,tt8697870
nm13629997,tt20217332
nm13636784,tt20101978
nm13636789,tt20101978
nm1364729,tt0403508
nm13655429,tt20217332
nm13655430,tt20217332
nm13655431,tt20217332
nm13655432,tt20217332
nm13655433,tt20217332
nm13655434,tt20217332
nm13655435,tt20217332
nm13655436,tt20217332
nm13655437,tt20217332
nm13655438,tt20217332
nm13655439,tt20217332
nm13655440,tt20217332
nm13655441,tt20217332
nm13655442,tt20217332
nm13655443,tt20217332
nm13655444,tt20217332
nm13655445,tt20217332
nm13655446,tt20217332
nm13655447,tt20217332
nm13655448,tt20217332
nm13655449,tt20217332
nm13655451,tt20217332
nm13655452,tt20217332
nm13655453,tt20217332
nm13655454,tt20217332
nm13655455,tt20217332
nm13655456,tt20217332
nm13655457,tt20217332
nm13655458,tt20217332
nm13655459,tt20217332
nm13655460,tt20217332
nm13655494,tt20217332
nm13655558,tt20217332
nm13655559,tt20217332
nm13655560,tt20217332
nm13655561,tt20217332
nm13655562,tt20217332
nm13655563,tt20217332
nm13655564,tt20217332
nm13694007,tt19298226
nm1370952,tt0403508
nm13715375,tt8697870
nm13744074,tt21030616
nm1385729,tt0272435
nm1389110,tt0319480
nm1390180,tt4327950
nm1390484,tt0403508
nm1395225,tt0370766
nm1397234,tt0319480
nm1399610,tt0036620
nm1400402,tt0305472
nm1406711,tt4701906
nm1407532,tt0408133
nm1409457,tt11394188
nm1410198,tt8697870
nm1410461,tt0403508
nm1410784,tt0403508
nm1414741,tt3059532
nm1416782,tt0319480
nm1419457,tt8697870
nm1423250,tt1785353
nm1427478,tt0403508
nm1434372,tt2334739
nm1438928,tt1365659
nm1441646,tt0403508
nm1449209,tt3853494
nm1452922,tt2473832
nm1458356,tt1984194
nm1459979,tt0403508
nm1465226,tt1362370
nm1469114,tt0403508
nm1469630,tt0403508
nm1470710,tt0384991
nm1478888,tt0366082
nm1485354,tt0403508
nm1487606,tt0403508
nm1489831,tt8697870
nm1493021,tt0403508
nm1499838,tt0877642
nm1500170,tt0403508
nm1500636,tt5615700
nm1503891,tt0477472
nm1509385,tt1470539
nm1514357,tt8697870
nm1521097,tt0027467
nm1537234,tt8697870
nm1537290,tt0319480
nm1538841,tt1817791
nm1539885,tt7099176
nm1543025,tt7834108
nm1543337,tt0055005
nm1544089,tt8697870
nm1545988,tt0366082
nm1553232,tt0398896
nm1554840,tt0305472
nm1555939,tt0403508
nm1557213,tt0403508
nm1559648,tt8697870
nm1564550,tt18372308
nm1566203,tt0403508
nm1566729,tt13483880
nm1568825,tt0403508
nm1569351,tt0403508
nm1571592,tt12719846
nm1573197,tt0138976
nm1573654,tt0403508
nm1573975,tt0403508
nm1576335,tt0064242
nm1586831,tt0319480
nm1590036,tt2186614
nm1590266,tt0403508
nm1591256,tt8707914
nm1593032,tt0324120
nm1599607,tt8697870
nm1599769,tt0403508
nm1600092,tt0403508
nm1614415,tt11394188
nm1615498,tt13135806
nm1618692,tt4701906
nm1619875,tt1470539
nm1619915,tt0319480
nm1621686,tt0384991
nm1622843,tt0215719
nm1627679,tt0064242
nm1627740,tt0064242
nm1627816,tt0064242
nm1629486,tt0319480
nm1630488,tt0403508
nm1632258,tt0305472
nm1636585,tt5615700
nm1637224,tt1470539
nm1638893,tt0319480
nm1640279,tt0403508
nm1642104,tt4968190
nm1642359,tt4701906
nm1642793,tt0412734
nm1643472,tt2334739
nm1643626,tt0412734
nm1644504,tt1010359
nm1646722,tt0319480
nm1649066,tt0412734
nm1650134,tt0458951
nm1650385,tt1470539
nm1651060,tt0319480
nm1654095,tt8697870
nm1655195,tt7491724
nm1659414,tt13672954
nm1662677,tt0417374
nm1662685,tt0472813
nm1670480,tt0366082
nm1677131,tt0403508
nm1681196,tt0032050
nm1682158,tt0064242
nm1683961,tt3853494
nm1683988,tt8697870
nm1690290,tt12719846
nm1691230,tt2994948
nm1692308,tt0403508
nm1695543,tt8697870
nm1696805,tt0440437
nm1699080,tt0421990
nm1699460,tt5615700
nm1699519,tt0421990
nm1699581,tt11394188
nm1701324,tt15368984
nm1704147,tt1010359
nm1705961,tt0291295
nm1706591,tt0305472
nm1711691,tt0426590
nm1712114,tt0403508
nm1715091,tt0403508
nm1717871,tt0403508
nm1720347,tt0426590
nm1723232,tt1969061
nm1724491,tt13046016
nm1724892,tt0101211
nm1726050,tt0426590
nm1726847,tt0426590
nm1726877,tt0426590
nm1728527,tt0426590
nm1728799,tt0426590
nm1728974,tt0426590
nm1729173,tt1190920
nm1729897,tt0426590
nm1730722,tt2071553
nm1730752,tt1470539
nm1731898,tt1003071
nm1732157,tt0426590
nm1732490,tt0426590
nm1732580,tt0426590
nm1735921,tt1470539
nm1738103,tt5615700
nm1738818,tt0403508
nm1738827,tt0403508
nm1738839,tt0403508
nm1738847,tt0403508
nm1740260,tt0403508
nm1740342,tt8697870
nm1742686,tt1817791
nm1742815,tt2112215
nm1747502,tt8586836
nm1751792,tt2016460
nm1756045,tt8707914
nm1756186,tt5615700
nm1757124,tt7510998
nm1761378,tt0408133
nm1763235,tt0403508
nm1765658,tt0403508
nm1778030,tt15368984
nm1779149,tt0064242
nm1779460,tt0440437
nm1793083,tt0458951
nm1799098,tt0477472
nm1803432,tt1077384
nm1804345,tt1010359
nm1809797,tt0403508
nm1820314,tt8697870
nm1820591,tt2994948
nm1825917,tt8697870
nm1828395,tt13020856
nm1829385,tt0445049
nm1829452,tt11981782
nm1830345,tt4947942
nm1835325,tt1470539
nm1838753,tt2309001
nm1841931,tt8697870
nm1842735,tt5635832
nm1851827,tt0770819
nm1853348,tt0770819
nm1856851,tt7510998
nm1862757,tt0449700
nm1864521,tt0449700
nm1864527,tt5615700
nm1866579,tt1371579
nm1868538,tt1546800
nm1868866,tt0449700
nm1869193,tt0449700
nm1869520,tt0403508
nm1869805,tt2994948
nm1872508,tt5595232
nm1872748,tt0403508
nm1872858,tt13830348
nm1872886,tt0403508
nm1872927,tt0403508
nm1873070,tt0403508
nm1873127,tt0201289
nm1873326,tt0403508
nm1874021,tt0403508
nm1874860,tt0403508
nm1875009,tt0403508
nm1875029,tt0403508
nm1875156,tt0403508
nm1875830,tt0403508
nm1876995,tt0403508
nm1877161,tt0403508
nm1877210,tt0403508
nm1877293,tt0403508
nm1877519,tt0403508
nm1879398,tt8697870
nm1880861,tt1470539
nm1881715,tt0408133
nm1885682,tt5615700
nm1887516,tt8697870
nm1889376,tt8697870
nm1893322,tt4701906
nm1893580,tt0403508
nm1901915,tt1433517
nm1908294,tt1560707
nm1909114,tt7099176
nm1913422,tt1202295
nm1922217,tt4968190
nm1923046,tt0403508
nm1925422,tt0900953
nm1925794,tt0403508
nm1926839,tt0215719
nm1927677,tt0477472
nm1928037,tt0403508
nm1936258,tt11981782
nm1937431,tt0403508
nm1937849,tt1817791
nm1940270,tt0295970
nm1944516,tt9654134
nm1945669,tt1433517
nm1949308,tt0319480
nm1951471,tt1470539
nm1954473,tt1024875
nm1954781,tt1470539
nm1955917,tt1470539
nm1961453,tt1483781
nm1963615,tt0036620
nm1964004,tt1785353
nm1967827,tt8697870
nm1971966,tt0770819
nm1975369,tt13483880
nm1976351,tt15368984
nm1983315,tt0770819
nm1984529,tt1538529
nm1986333,tt2463136
nm1991065,tt8697870
nm1991157,tt11013952
nm1995217,tt1538529
nm2002246,tt0900953
nm2015107,tt0477472
nm2020946,tt1003071
nm2023258,tt4145184
nm2027465,tt1470539
nm2027983,tt5615700
nm2034586,tt0403508
nm2036406,tt1470539
nm2037524,tt0403508
nm2037595,tt0403508
nm2039898,tt2289149
nm2041413,tt0403508
nm2041833,tt0403508
nm2042040,tt0319480
nm2042902,tt2463136
nm2048611,tt3059532
nm2050371,tt0482123
nm2050544,tt0482123
nm2050732,tt11394188
nm2051654,tt0482123
nm2051927,tt1545976
nm2052358,tt0482123
nm2053386,tt3853494
nm2053472,tt3059532
nm2054767,tt11394188
nm2055538,tt0482123
nm2055692,tt0482123
nm2057883,tt0482123
nm2060334,tt0482123
nm2068559,tt8697870
nm2069965,tt0482123
nm2082985,tt0403508
nm2090228,tt1500493
nm2091588,tt0403508
nm2093184,tt5615700
nm2093844,tt1867363
nm2114669,tt8697870
nm2119840,tt8697870
nm2123334,tt1202295
nm2126147,tt0319480
nm2129789,tt1003071
nm2138083,tt0384991
nm2139342,tt5707598
nm2142800,tt0384991
nm2147686,tt0105808
nm2149685,tt2360657
nm2150321,tt0477472
nm2151802,tt0295970
nm2152664,tt8697870
nm2153722,tt0319480
nm2157016,tt0295970
nm2157211,tt2994948
nm2160432,tt0319480
nm2161995,tt0319480
nm2162235,tt0319480
nm2162877,tt0319480
nm2162890,tt0319480
nm2162909,tt0319480
nm2163127,tt0319480
nm2163405,tt0319480
nm2164139,tt0319480
nm2164161,tt0319480
nm2164438,tt0319480
nm2164561,tt0319480
nm2165349,tt0319480
nm2167071,tt0319480
nm2167411,tt0319480
nm2167555,tt0319480
nm2167897,tt0319480
nm2168248,tt0319480
nm2169201,tt0319480
nm2169356,tt0319480
nm2169572,tt0319480
nm2169642,tt0319480
nm2169831,tt0319480
nm2171258,tt0319480
nm2171304,tt0319480
nm2172055,tt0319480
nm2172481,tt0319480
nm2173465,tt0319480
nm2177930,tt1785353
nm2178386,tt1785353
nm2178964,tt0770819
nm2179522,tt2563804
nm2180893,tt5615700
nm2181800,tt1785353
nm2184057,tt0770819
nm2188619,tt0775456
nm2191045,tt2918606
nm2198630,tt3853494
nm2199836,tt0417374
nm2201933,tt1560707
nm2203106,tt0220525
nm2203124,tt0780086
nm2204556,tt0780086
nm2207951,tt4701906
nm2214368,tt2016460
nm2217400,tt7049212
nm2223867,tt2463136
nm2225354,tt0417374
nm2225630,tt0900953
nm2226794,tt0417374
nm2232185,tt11394188
nm2247427,tt11981782
nm2256382,tt1470539
nm2258990,tt0477472
nm2262646,tt0366082
nm2263758,tt0477472
nm2271282,tt17079684
nm2272199,tt0477472
nm2272552,tt0477472
nm2274252,tt1483781
nm2278539,tt2563804
nm2279077,tt0338027
nm2282890,tt0338027
nm2285659,tt0338027
nm2285884,tt1433517
nm2288290,tt1984194
nm2292541,tt5615700
nm2292744,tt4701906
nm2295030,tt0770819
nm2295055,tt0770819
nm2295072,tt0291295
nm2295132,tt0770819
nm2296827,tt0770819
nm2296879,tt0770819
nm2297592,tt0770819
nm2298142,tt0324120
nm2299415,tt0770819
nm2299559,tt1365659
nm2299738,tt0770819
nm2305162,tt0215719
nm2305380,tt1371579
nm2305445,tt0821790
nm2312005,tt17079684
nm2315175,tt5615700
nm2320833,tt11981782
nm2322757,tt0091970
nm2323229,tt2071553
nm2324536,tt8992986
nm2331932,tt1483781
nm2336488,tt1003071
nm2339125,tt10071282
nm2341429,tt3983944
nm2349880,tt0477472
nm2350326,tt0477472
nm2351152,tt0477472
nm2353542,tt0477472
nm2356280,tt1202295
nm2359873,tt5615700
nm2362767,tt0305472
nm2363967,tt1483781
nm2380226,tt8697870
nm2385240,tt0403508
nm2391436,tt0891589
nm2403127,tt1483781
nm2406510,tt2309001
nm2406518,tt8697870
nm2407074,tt3500236
nm2411738,tt4701906
nm2411945,tt3059532
nm2414022,tt2823030
nm2418913,tt4248130
nm2420572,tt8697870
nm2421862,tt4145184
nm2424920,tt8697870
nm2427883,tt2191737
nm2428205,tt0877642
nm2431966,tt2309001
nm2432427,tt8992986
nm2432863,tt6566878
nm2437983,tt0403508
nm2437995,tt0403508
nm2439951,tt0403508
nm2442896,tt0891589
nm2443371,tt0403508
nm2449938,tt2463136
nm2453437,tt1483781
nm2455495,tt15368984
nm2457207,tt4701906
nm2457449,tt0900953
nm2459564,tt0244127
nm2466229,tt1156322
nm2466354,tt0477472
nm2467717,tt5615700
nm2467773,tt0403508
nm2468352,tt3863658
nm2468533,tt8697870
nm2485724,tt1174014
nm2488091,tt1010359
nm2488601,tt3146264
nm2490904,tt2463136
nm2505299,tt0403508
nm2507570,tt1433517
nm2509834,tt1008739
nm2520928,tt1470539
nm2521310,tt2289149
nm2522346,tt8586836
nm2539508,tt5635832
nm2549481,tt1560707
nm2549816,tt9654134
nm2557845,tt6155578
nm2563216,tt13830348
nm2570677,tt1433517
nm2571609,tt1024875
nm2573916,tt1545976
nm2574514,tt4947942
nm2576824,tt2918606
nm2576880,tt0877642
nm2578752,tt0101211
nm2584679,tt5635832
nm2585553,tt1368111
nm2585712,tt8697870
nm2585838,tt11085230
nm2588115,tt6566878
nm2590828,tt2994948
nm2601109,tt7756138
nm2603589,tt2994948
nm2606163,tt0403508
nm2610068,tt20217332
nm2611918,tt8697870
nm2612936,tt20217332
nm2613005,tt1365659
nm2613050,tt1003071
nm2613410,tt1003071
nm2617514,tt20217332
nm2619683,tt1008739
nm2620124,tt1010359
nm2622529,tt1003071
nm2631460,tt4947942
nm2635843,tt2191737
nm2637703,tt5615700
nm2642457,tt1024875
nm2642635,tt1024875
nm2643168,tt1024875
nm2643591,tt1024875
nm2643628,tt1024875
nm2644297,tt1024875
nm2645447,tt1024875
nm2646193,tt1024875
nm2646238,tt1024875
nm2646471,tt1024875
nm2646485,tt1024875
nm2647715,tt1024875
nm2651611,tt0036620
nm2651808,tt0036620
nm2652862,tt0036620
nm2654001,tt0036620
nm2659248,tt1003071
nm2661403,tt1003071
nm2661773,tt1003071
nm2662555,tt1003071
nm2664549,tt1545976
nm2664653,tt1003071
nm2665377,tt1003071
nm2676752,tt2289149
nm2681182,tt2289149
nm2691076,tt1433517
nm2700809,tt1433517
nm2701185,tt3059532
nm2711708,tt0900953
nm2714386,tt0091970
nm2716062,tt9654134
nm2727714,tt5615700
nm2728578,tt1077384
nm2732067,tt2994948
nm2732522,tt1077384
nm2734743,tt1077384
nm2735616,tt1077384
nm2739441,tt0482123
nm2740647,tt1954854
nm2743438,tt5615700
nm2744040,tt14180740
nm2745804,tt3146264
nm2748931,tt1077384
nm2750014,tt1077384
nm2751416,tt1077384
nm2752924,tt1202295
nm2753927,tt1470539
nm2754183,tt2473832
nm2775481,tt0101211
nm2778786,tt0036620
nm2781347,tt5635832
nm2789160,tt3853494
nm2791066,tt1954854
nm2793175,tt8707914
nm2795457,tt1202295
nm2795747,tt1483781
nm2800168,tt2268732
nm2800316,tt2217673
nm2806517,tt0403508
nm2807994,tt0491388
nm2811138,tt9654134
nm2813135,tt4701906
nm2815371,tt1470539
nm2816534,tt2309001
nm2817004,tt1984194
nm2821397,tt8697870
nm2822687,tt1785353
nm2824446,tt0201289
nm2825192,tt12719846
nm2830983,tt3059532
nm2841430,tt1470539
nm2848144,tt2994948
nm2855042,tt8697870
nm2860453,tt15162686
nm2861355,tt5615700
nm2867228,tt12719846
nm2867489,tt12719846
nm2874528,tt20415224
nm2876536,tt1470539
nm2876634,tt1362370
nm2893147,tt9856372
nm2895431,tt1470539
nm2897793,tt13020856
nm2898874,tt8697870
nm2901927,tt1433517
nm2902454,tt13020856
nm2903170,tt1174014
nm2913526,tt2112215
nm2916236,tt0096583
nm2917167,tt4701906
nm2917209,tt8697870
nm2919380,tt8697870
nm2925214,tt2309001
nm2926810,tt1470539
nm2929951,tt4701906
nm2933307,tt1003071
nm2939345,tt0324120
nm2940780,tt1483781
nm2942867,tt3281644
nm2945996,tt1003071
nm2947723,tt1595019
nm2948149,tt1202295
nm2949153,tt2191737
nm2949577,tt1867363
nm2953003,tt1202295
nm2953614,tt1202295
nm2953654,tt1202295
nm2954368,tt1202295
nm2954476,tt1202295
nm2954507,tt1202295
nm2954681,tt1202295
nm2954696,tt0403508
nm2954893,tt1202295
nm2954940,tt1202295
nm2954998,tt1202295
nm2955303,tt1202295
nm2958468,tt2309001
nm2960801,tt2309001
nm2962250,tt0324120
nm2967100,tt5635832
nm2969642,tt5615700
nm2970931,tt11394188
nm2979199,tt4947942
nm2979332,tt5615700
nm2979802,tt13020856
nm2980899,tt5615700
nm2983834,tt0157776
nm2986240,tt13830348
nm2986554,tt8697870
nm2988822,tt7688204
nm2994317,tt2473832
nm2995049,tt1984194
nm2998089,tt0454341
nm2998682,tt1176434
nm3000218,tt1176434
nm3000225,tt6557260
nm3000913,tt1176434
nm3001713,tt1984194
nm3004073,tt3863658
nm3012162,tt0877642
nm3012183,tt0877642
nm3012235,tt0877642
nm3012512,tt0877642
nm3012817,tt7688204
nm3012871,tt0877642
nm3012997,tt0877642
nm3013217,tt0877642
nm3013289,tt0877642
nm3013402,tt0877642
nm3013424,tt0877642
nm3013500,tt1984194
nm3013823,tt0877642
nm3013930,tt0877642
nm3014030,tt0877642
nm3016365,tt1705074
nm3018841,tt0291295
nm3025293,tt8697870
nm3029351,tt14351914
nm3040218,tt2071553
nm3043960,tt2714902
nm3053262,tt1785353
nm3053570,tt1954854
nm3059034,tt3853494
nm3062789,tt1472191
nm3066521,tt1362370
nm3074748,tt2463136
nm3075944,tt0055005
nm3076459,tt5635832
nm3081700,tt6849882
nm3088393,tt1202295
nm3089177,tt13483880
nm3108968,tt2309001
nm3110813,tt11037642
nm3125526,tt8697870
nm3126896,tt2191737
nm3127374,tt0770819
nm3138364,tt0403508
nm3139220,tt3093310
nm3141257,tt5832096
nm3152265,tt2191737
nm3155708,tt8697870
nm3156584,tt5635832
nm3158272,tt8697870
nm3170829,tt2334739
nm3174372,tt5554588
nm3180765,tt4701906
nm3182335,tt1595019
nm3185143,tt2823030
nm3197256,tt1483781
nm3198840,tt4947942
nm3208604,tt20101978
nm3218706,tt0138976
nm3220401,tt2309001
nm3220680,tt13020856
nm3227377,tt2289149
nm3230725,tt5615700
nm3232326,tt9856372
nm3233453,tt0305472
nm3235570,tt2463136
nm3238098,tt1483781
nm3255463,tt1500493
nm3259895,tt4742124
nm3269401,tt1954854
nm3274094,tt1362370
nm3275156,tt2289149
nm3290618,tt0305472
nm3293172,tt1362370
nm3293641,tt1362370
nm3293972,tt1362370
nm3300023,tt8697870
nm3300366,tt1202295
nm3302145,tt1365659
nm3306816,tt1472191
nm3311484,tt1560707
nm3311525,tt1377336
nm3312093,tt1371579
nm3313082,tt7491724
nm3313453,tt1377336
nm3318082,tt1377336
nm3318877,tt1377336
nm3318983,tt2463136
nm3335700,tt2463136
nm3342848,tt8697870
nm3343069,tt8697870
nm3349200,tt8697870
nm3350546,tt1003071
nm3351084,tt19298226
nm3351228,tt11394188
nm3351535,tt0491388
nm3354073,tt6999026
nm3358669,tt5635832
nm3362864,tt20217332
nm3375672,tt2463136
nm3375837,tt1470539
nm3381950,tt2268732
nm3385491,tt11013952
nm3386050,tt4701906
nm3386986,tt2268732
nm3388054,tt2268732
nm3388845,tt3863658
nm3389559,tt4947942
nm3396319,tt0064242
nm3396666,tt0064242
nm3402938,tt2823030
nm3407804,tt3038606
nm3411352,tt4701906
nm3412041,tt0770819
nm3412826,tt9654134
nm3415266,tt1483781
nm3417749,tt2463136
nm3428640,tt2463136
nm3430252,tt4947942
nm3438925,tt0258293
nm3439375,tt0258293
nm3440505,tt1470539
nm3440722,tt1470539
nm3444564,tt8697870
nm3445171,tt3853494
nm3448698,tt3038606
nm3451880,tt1202295
nm3452325,tt16119612
nm3453375,tt1443373
nm3461312,tt14180740
nm3463443,tt2673062
nm3464284,tt1443373
nm3464301,tt1443373
nm3464319,tt1443373
nm3481059,tt4701906
nm3483285,tt5615700
nm3483882,tt4947942
nm3486336,tt0403508
nm3487363,tt15368984
nm3494221,tt2563804
nm3498746,tt4701906
nm3499892,tt1785353
nm3501395,tt2309001
nm3503489,tt0201289
nm3505385,tt0403508
nm3508651,tt2289149
nm3515558,tt3863658
nm3526638,tt5615700
nm3528362,tt0770819
nm3539184,tt1470539
nm3539648,tt1472191
nm3539811,tt1472191
nm3540042,tt5635832
nm3540191,tt1472191
nm3541167,tt1472191
nm3541514,tt1470539
nm3541851,tt1472191
nm3541872,tt1472191
nm3542121,tt1472191
nm3545238,tt1478867
nm3547427,tt1472191
nm3554797,tt13830348
nm3557292,tt1470539
nm3557804,tt1470539
nm3558335,tt2289149
nm3562320,tt1984194
nm3562743,tt3479536
nm3565761,tt1470539
nm3568204,tt4785014
nm3570008,tt1483781
nm3570071,tt1483781
nm3570108,tt1483781
nm3570312,tt1483781
nm3570489,tt1483781
nm3574301,tt13830348
nm3574550,tt6566878
nm3578348,tt1483781
nm3578605,tt1483781
nm3581135,tt8586836
nm3593182,tt1500493
nm3597310,tt3146264
nm3604902,tt8697870
nm3607604,tt0900953
nm3608113,tt8697870
nm3613190,tt3146264
nm3613418,tt9654134
nm3613843,tt14180740
nm3614769,tt4701906
nm3633524,tt3853494
nm3634601,tt4947942
nm3642396,tt1984194
nm3642843,tt2268732
nm3645529,tt6566878
nm3648397,tt1472191
nm3653367,tt5615700
nm3659345,tt5615700
nm3677320,tt14180740
nm3679612,tt8697870
nm3683901,tt1546800
nm3688354,tt2309001
nm3693894,tt1538529
nm3699980,tt1677663
nm3708656,tt1785353
nm3711365,tt0770819
nm3714223,tt1538529
nm3716442,tt19394738
nm3723311,tt1560707
nm3725183,tt1560707
nm3725412,tt2994948
nm3725658,tt5821882
nm3725822,tt5554588
nm3729567,tt3059532
nm3730451,tt5615700
nm3737282,tt5615700
nm3743762,tt2365841
nm3746203,tt2994948
nm3748963,tt13830348
nm3752504,tt1581304
nm3752511,tt1581304
nm3752792,tt1581304
nm3753698,tt3447400
nm3759629,tt2309001
nm3765363,tt1581304
nm3766997,tt1581304
nm3767901,tt1562310
nm3767969,tt1954854
nm3777834,tt16297088
nm3780709,tt1785353
nm3781231,tt16297088
nm3782646,tt1470539
nm3783460,tt4701906
nm3789200,tt1470539
nm3790302,tt1595019
nm3790987,tt8697870
nm3791078,tt7570204
nm3792876,tt1595019
nm3793008,tt1785353
nm3793580,tt8049570
nm3798309,tt13574646
nm3801586,tt14017054
nm3803474,tt0403508
nm3804403,tt0770819
nm3804741,tt8107454
nm3804834,tt0770819
nm3805021,tt12719846
nm3807146,tt8697870
nm3811984,tt6155578
nm3812068,tt9587200
nm3820965,tt4947942
nm3821769,tt2289149
nm3822375,tt1984194
nm3826876,tt3146264
nm3830261,tt3059532
nm3831755,tt5615700
nm3833297,tt2334739
nm3834668,tt3853494
nm3838417,tt2918606
nm3839009,tt1470539
nm3840161,tt1470539
nm3848118,tt2473832
nm3849784,tt2769506
nm3849801,tt5503924
nm3851442,tt2186614
nm3853412,tt1470539
nm3861412,tt8697870
nm3864157,tt4947942
nm3864947,tt1628772
nm3865480,tt2629012
nm3869355,tt0770819
nm3874948,tt1984194
nm3882611,tt8697870
nm3883306,tt2309001
nm3887154,tt3863658
nm3888026,tt3863658
nm3888034,tt3863658
nm3888621,tt1470539
nm3888957,tt1470539
nm3889696,tt3812944
nm3893020,tt6155578
nm3896825,tt0096583
nm3904393,tt1470539
nm3908138,tt5140422
nm3908172,tt8697870
nm3910056,tt8697870
nm3910125,tt2463136
nm3919674,tt2994948
nm3929330,tt1666363
nm3929712,tt1666363
nm3939237,tt0096583
nm3941557,tt5615700
nm3942822,tt1443373
nm3944250,tt1666363
nm3949184,tt3093310
nm3953405,tt3093310
nm3956346,tt7570204
nm3956688,tt1677663
nm3957543,tt12425764
nm3969277,tt3059532
nm3969339,tt1785353
nm3980059,tt3071234
nm3986060,tt5635832
nm3992791,tt2112215
nm3992799,tt2463136
nm3994160,tt3146264
nm3995137,tt3027964
nm3995924,tt3479536
nm3997877,tt8697870
nm4006488,tt0780086
nm4008304,tt11013952
nm4015229,tt1705074
nm4015323,tt1705074
nm4018149,tt1705074
nm4021832,tt1705074
nm4021939,tt1705074
nm4027847,tt2334739
nm4034774,tt0403508
nm4035522,tt0970830
nm4050353,tt1003071
nm4058197,tt1719522
nm4059389,tt1719522
nm4059949,tt1719522
nm4060489,tt1719522
nm4077942,tt6910228
nm4082816,tt1785353
nm4086433,tt2207435
nm4091535,tt1817791
nm4096000,tt20217332
nm4097656,tt3059532
nm4098198,tt13103456
nm4103407,tt11394188
nm4104347,tt10516496
nm4105918,tt1785353
nm4106381,tt2268732
nm4111794,tt1785353
nm4112482,tt1785353
nm4112529,tt1785353
nm4112578,tt1785353
nm4112612,tt1785353
nm4119733,tt4947942
nm4120795,tt2309001
nm4122755,tt4701906
nm4129855,tt5707598
nm4132449,tt3146264
nm4133191,tt8697870
nm4142940,tt7510998
nm4144451,tt3146264
nm4144703,tt3146264
nm4146867,tt1954854
nm4153154,tt11272882
nm4158399,tt3479536
nm4158400,tt3479536
nm4159174,tt3479536
nm4166383,tt1785353
nm4169010,tt5821882
nm4173364,tt15368984
nm4190421,tt2994948
nm4191702,tt2563804
nm4195472,tt20415224
nm4200471,tt2769506
nm4200477,tt2769506
nm4201074,tt1785353
nm4201413,tt1785353
nm4202852,tt1814730
nm4209595,tt5615700
nm4220105,tt14180740
nm4224792,tt2386319
nm4228175,tt15679700
nm4229747,tt1362370
nm4234222,tt1433517
nm4243054,tt2191737
nm4244009,tt9788646
nm4244591,tt2191737
nm4250511,tt1808107
nm4252282,tt2071553
nm4258305,tt5473872
nm4258976,tt1433517
nm4266336,tt1817791
nm4266470,tt1817791
nm4266487,tt1817791
nm4266499,tt1817791
nm4266622,tt1817791
nm4266668,tt1817791
nm4266711,tt1817791
nm4266885,tt1817791
nm4267018,tt1817791
nm4267070,tt1817791
nm4267083,tt1817791
nm4267250,tt1817791
nm4267300,tt1817791
nm4270268,tt1867363
nm4270325,tt1867363
nm4270818,tt1867363
nm4274851,tt8697870
nm4275887,tt2289149
nm4277811,tt0324120
nm4278691,tt0064242
nm4281208,tt1785353
nm4281209,tt1785353
nm4281242,tt1785353
nm4281730,tt1785353
nm4282050,tt1785353
nm4282131,tt1785353
nm4282248,tt1785353
nm4282550,tt1785353
nm4282627,tt1785353
nm4282963,tt1785353
nm4286586,tt1867363
nm4286725,tt1880959
nm4306808,tt1785353
nm4331538,tt7570204
nm4336426,tt1867363
nm4341416,tt3853494
nm4344807,tt2289149
nm4345657,tt6849882
nm4349075,tt2563804
nm4350166,tt1785353
nm4350224,tt1785353
nm4350503,tt1785353
nm4351330,tt2309001
nm4353613,tt3059532
nm4359757,tt2463136
nm4377931,tt2191737
nm4378473,tt1867363
nm4378761,tt1867363
nm4378849,tt8697870
nm4378907,tt1867363
nm4378963,tt1867363
nm4388293,tt2386319
nm4396089,tt2289149
nm4401764,tt8697870
nm4402670,tt2714902
nm4403734,tt8697870
nm4409583,tt4947942
nm4410025,tt2268732
nm4411061,tt2268732
nm4412977,tt8697870
nm4418773,tt11451528
nm4423949,tt3447400
nm4435274,tt2918606
nm4437277,tt2038279
nm4437679,tt2038279
nm4438998,tt12719846
nm4443007,tt3146264
nm4444161,tt3146264
nm4456577,tt4947942
nm4456969,tt15368984
nm4458553,tt6566878
nm4468585,tt3038606
nm4468767,tt1937357
nm4470112,tt8697870
nm4473589,tt13352198
nm4474631,tt1989712
nm4478059,tt8697870
nm4479052,tt5615700
nm4479065,tt2038279
nm4480361,tt2289149
nm4483188,tt3863658
nm4493536,tt1954854
nm4495227,tt1954854
nm4495899,tt1954854
nm4496029,tt1954854
nm4510555,tt6566878
nm4514430,tt5615700
nm4520643,tt13020856
nm4523414,tt8697870
nm4538225,tt3038606
nm4548636,tt2563804
nm4556014,tt2714902
nm4558672,tt5615700
nm4561477,tt6869922
nm4564176,tt2473832
nm4566659,tt2038279
nm4569782,tt1785353
nm4569879,tt1785353
nm4574826,tt2016460
nm4585596,tt2038279
nm4585786,tt2038279
nm4585822,tt2038279
nm4585956,tt2038279
nm4586008,tt2038279
nm4589005,tt5635832
nm4589253,tt6999026
nm4591988,tt3093310
nm4593318,tt4947942
nm4617651,tt2994948
nm4618875,tt12187454
nm4632758,tt1785353
nm4639787,tt8697870
nm4645288,tt2994948
nm4649092,tt2016460
nm4653303,tt3863658
nm4653360,tt0454341
nm4653382,tt0454341
nm4671232,tt2994948
nm4671264,tt5615700
nm4695500,tt2071553
nm4696757,tt2071553
nm4709149,tt7746582
nm4716830,tt2081377
nm4716989,tt2081377
nm4723143,tt5615700
nm4733447,tt3853494
nm4734050,tt1202295
nm4735239,tt7257104
nm4736692,tt0426590
nm4736717,tt5728592
nm4738102,tt2071553
nm4739190,tt2071553
nm4739489,tt2071553
nm4739513,tt2071553
nm4741713,tt11394188
nm4742397,tt11394188
nm4746242,tt5615700
nm4751967,tt2994948
nm4771414,tt5635832
nm4771535,tt5635832
nm4771609,tt5635832
nm4772035,tt5635832
nm4775184,tt2112215
nm4775490,tt2112215
nm4775686,tt2112215
nm4776937,tt11451528
nm4779115,tt13830348
nm4786076,tt8697870
nm4788301,tt2289149
nm4788352,tt2289149
nm4788627,tt13830348
nm4789014,tt17079684
nm4790970,tt2122077
nm4802229,tt0900953
nm4803571,tt8697870
nm4804660,tt2131533
nm4804847,tt2131533
nm4817238,tt0055005
nm4817272,tt0055005
nm4817488,tt0055005
nm4817907,tt0055005
nm4834731,tt2289149
nm4835971,tt2071553
nm4836207,tt2071553
nm4836467,tt2071553
nm4843704,tt6557260
nm4845998,tt8697870
nm4861038,tt0305472
nm4861328,tt2191737
nm4861331,tt2191737
nm4861713,tt2191737
nm4861776,tt2191737
nm4861796,tt2191737
nm4861892,tt2191737
nm4862207,tt2191737
nm4862431,tt2191737
nm4864460,tt4856256
nm4865621,tt11443462
nm4870059,tt2191737
nm4874172,tt2207435
nm4874294,tt2207435
nm4874477,tt0138976
nm4874541,tt2207435
nm4884196,tt0770819
nm4884206,tt0770819
nm4884228,tt0770819
nm4884246,tt0770819
nm4884287,tt0770819
nm4884303,tt0770819
nm4884330,tt0770819
nm4884400,tt0770819
nm4884444,tt0770819
nm4884451,tt0770819
nm4884469,tt0770819
nm4884483,tt0770819
nm4884529,tt0770819
nm4884541,tt0770819
nm4884657,tt0770819
nm4884692,tt0770819
nm4884700,tt0770819
nm4884707,tt0770819
nm4884732,tt0770819
nm4884750,tt0770819
nm4884785,tt0770819
nm4884796,tt0770819
nm4884818,tt0770819
nm4884819,tt0770819
nm4884843,tt0770819
nm4884878,tt0770819
nm4884886,tt0770819
nm4884949,tt0770819
nm4884966,tt0770819
nm4884993,tt0770819
nm4885014,tt0770819
nm4885070,tt0770819
nm4885921,tt0248846
nm4886987,tt2309001
nm4891393,tt4701906
nm4899833,tt2071553
nm4909942,tt0305472
nm4911119,tt3596224
nm4912505,tt4701906
nm4918446,tt3071234
nm4921952,tt4947942
nm4923088,tt2289149
nm4925053,tt2463136
nm4925849,tt2463136
nm4926816,tt19298226
nm4930495,tt14180740
nm4930745,tt8697870
nm4933180,tt3853494
nm4950053,tt1174014
nm4950061,tt1174014
nm4950121,tt1174014
nm4951896,tt4248130
nm4954698,tt6744876
nm4957022,tt2309001
nm4957387,tt2309001
nm4957885,tt3071234
nm4960148,tt2309001
nm4974129,tt8697870
nm4975078,tt2386319
nm4976325,tt2563804
nm4978491,tt2309001
nm4978494,tt2309001
nm4978519,tt2309001
nm4978532,tt2309001
nm4978546,tt2309001
nm4978557,tt2309001
nm4978580,tt2309001
nm4978582,tt2309001
nm4978625,tt2309001
nm4980807,tt2334739
nm4982764,tt2334739
nm4992568,tt2386319
nm4997454,tt1174014
nm4997508,tt1174014
nm4997529,tt3059532
nm4999301,tt14180740
nm5001630,tt5635832
nm5001957,tt3563644
nm5008256,tt11394188
nm5008265,tt2365841
nm5008362,tt2365841
nm5013142,tt2994948
nm5015287,tt2309001
nm5015293,tt2309001
nm5015295,tt2309001
nm5015306,tt2309001
nm5015309,tt2309001
nm5015335,tt2309001
nm5016505,tt8697870
nm5026855,tt2268732
nm5029591,tt5615700
nm5030356,tt2386319
nm5030426,tt2386319
nm5030604,tt2386319
nm5031912,tt4845720
nm5035534,tt13830348
nm5040628,tt5615700
nm5042994,tt8697870
nm5044008,tt8469000
nm5046884,tt2463136
nm5053392,tt3596224
nm5056909,tt8697870
nm5058978,tt3038606
nm5062326,tt2563804
nm5071229,tt2171392
nm5071455,tt1954854
nm5073853,tt11451528
nm5079456,tt3863658
nm5082285,tt4947942
nm5085859,tt0366082
nm5086924,tt9856372
nm5087000,tt2473832
nm5100091,tt1433517
nm5101290,tt1433517
nm5101302,tt1433517
nm5101435,tt1433517
nm5104507,tt2918606
nm5110035,tt3863658
nm5119293,tt2473832
nm5130243,tt4701906
nm5132810,tt8697870
nm5133500,tt8697870
nm5135047,tt12719846
nm5135867,tt3059532
nm5139383,tt15368984
nm5154062,tt8697870
nm5164777,tt7756138
nm5169982,tt2994948
nm5170410,tt2994948
nm5199337,tt6999026
nm5207013,tt13830348
nm5210641,tt10516496
nm5215659,tt5615700
nm5218471,tt8697870
nm5222538,tt13020856
nm5223151,tt3863658
nm5238323,tt14278696
nm5241698,tt3071234
nm5244011,tt13020856
nm5255750,tt5615700
nm5266667,tt7853540
nm5268579,tt3071234
nm5268988,tt3071234
nm5271291,tt4701906
nm5274166,tt11013952
nm5281168,tt13352198
nm5283240,tt2289149
nm5289178,tt0305472
nm5291578,tt13830348
nm5295384,tt3853494
nm5301939,tt2994948
nm5317288,tt4498298
nm5321067,tt9537334
nm5322560,tt3853494
nm5323425,tt5615700
nm5323747,tt8697870
nm5340847,tt5615700
nm5344774,tt3863658
nm5346274,tt7207862
nm5349559,tt16297088
nm5350267,tt6477924
nm5352088,tt0900953
nm5353896,tt11013952
nm5367723,tt0064242
nm5376019,tt5503924
nm5379279,tt2463136
nm5390268,tt2473832
nm5390278,tt2473832
nm5390600,tt2473832
nm5390614,tt3281644
nm5391776,tt3281644
nm5391941,tt2473832
nm5392017,tt4701906
nm5395000,tt13103456
nm5405063,tt3863658
nm5411271,tt2769506
nm5411702,tt15368984
nm5423604,tt2289149
nm5425253,tt5615700
nm5430438,tt3146264
nm5435476,tt5615700
nm5438882,tt0324120
nm5438886,tt0324120
nm5438891,tt0324120
nm5438893,tt0324120
nm5438899,tt0324120
nm5438902,tt0324120
nm5438914,tt0324120
nm5438918,tt0324120
nm5438919,tt0324120
nm5438927,tt0324120
nm5438936,tt0324120
nm5438940,tt0324120
nm5438948,tt0324120
nm5438972,tt0324120
nm5441127,tt2289149
nm5441148,tt2289149
nm5443383,tt2289149
nm5449509,tt3038606
nm5450559,tt1785353
nm5452644,tt4701906
nm5453411,tt1954854
nm5462199,tt3059532
nm5464014,tt3146264
nm5481472,tt5635832
nm5484971,tt3281644
nm5488273,tt2651396
nm5488292,tt2651396
nm5488295,tt2651396
nm5488854,tt2651396
nm5488960,tt2651396
nm5490834,tt2994948
nm5491007,tt2994948
nm5494212,tt2473832
nm5497249,tt5615700
nm5506066,tt12425764
nm5508781,tt0059601
nm5511420,tt2994948
nm5527264,tt2714902
nm5527377,tt2714902
nm5527611,tt2714902
nm5527679,tt2714902
nm5528490,tt2714902
nm5528711,tt2714902
nm5528954,tt4701906
nm5531853,tt3375166
nm5536429,tt9788646
nm5544063,tt1954854
nm5546544,tt1984194
nm5546764,tt1984194
nm5550851,tt1954854
nm5550908,tt1984194
nm5551674,tt2289149
nm5554029,tt3146264
nm5555770,tt0064242
nm5559074,tt12719846
nm5559934,tt2994948
nm5562124,tt4701906
nm5562531,tt3863658
nm5565560,tt16119612
nm5569049,tt2769506
nm5569338,tt2769506
nm5569403,tt15368984
nm5593595,tt7049212
nm5595578,tt4701906
nm5595730,tt4947942
nm5596775,tt2769506
nm5597050,tt4947942
nm5597059,tt2769506
nm5599992,tt5615700
nm5600197,tt3812944
nm5602622,tt2812070
nm5602747,tt2812070
nm5602808,tt5615700
nm5605963,tt8697870
nm5609555,tt5615700
nm5614795,tt8697870
nm5621724,tt2463136
nm5627672,tt12278870
nm5649488,tt3146264
nm5653102,tt11410200
nm5654951,tt3146264
nm5657358,tt14180740
nm5660242,tt5615700
nm5669258,tt3146264
nm5677537,tt2918606
nm5681790,tt13352198
nm5682224,tt6849882
nm5687104,tt3953786
nm5687697,tt2563804
nm5688025,tt2563804
nm5688209,tt2563804
nm5688318,tt2563804
nm5688471,tt2563804
nm5688541,tt2563804
nm5688771,tt2563804
nm5693310,tt2918606
nm5700021,tt7394572
nm5706675,tt5615700
nm5706838,tt0366082
nm5708293,tt11013952
nm5711491,tt12425764
nm5712321,tt11868976
nm5722250,tt12278870
nm5722747,tt4701906
nm5722885,tt5832096
nm5725386,tt13483880
nm5725519,tt2463136
nm5735954,tt8697870
nm5736627,tt4845720
nm5737603,tt8697870
nm5741624,tt2994948
nm5743701,tt1989712
nm5746521,tt3146264
nm5751259,tt2994948
nm5751261,tt2994948
nm5751323,tt2994948
nm5751330,tt2994948
nm5751332,tt2994948
nm5751336,tt2994948
nm5757617,tt2994948
nm5767519,tt13483880
nm5775637,tt8697870
nm5778083,tt3027964
nm5780000,tt3281644
nm5782757,tt3027964
nm5782771,tt3027964
nm5785724,tt2994948
nm5786868,tt3038606
nm5786870,tt3038606
nm5786871,tt3038606
nm5786872,tt3038606
nm5786873,tt3038606
nm5786874,tt3038606
nm5795520,tt3038606
nm5796924,tt2994948
nm5805718,tt4785014
nm5817830,tt8697870
nm5818919,tt3071234
nm5818920,tt3071234
nm5818922,tt3071234
nm5818923,tt3071234
nm5818924,tt3071234
nm5818925,tt3071234
nm5827465,tt2289149
nm5832406,tt3500236
nm5846511,tt7570204
nm5854970,tt4947942
nm5858903,tt3093310
nm5865910,tt2994948
nm5868770,tt8697870
nm5874336,tt3059532
nm5879520,tt3059532
nm5881409,tt3125370
nm5890222,tt4947942
nm5890266,tt2473832
nm5890267,tt2473832
nm5891475,tt3479536
nm5891605,tt8697870
nm5898736,tt6999026
nm5904239,tt3146264
nm5904240,tt3146264
nm5904241,tt3146264
nm5904242,tt3146264
nm5904243,tt3146264
nm5904245,tt3146264
nm5904246,tt3146264
nm5904247,tt3146264
nm5904249,tt3146264
nm5904250,tt3146264
nm5904251,tt3146264
nm5904252,tt3146264
nm5904254,tt3146264
nm5904512,tt8697870
nm5906420,tt5615700
nm5917963,tt8697870
nm5918888,tt8245462
nm5920156,tt3853494
nm5945386,tt14180740
nm5951512,tt3059532
nm5969640,tt1867363
nm5969641,tt1867363
nm5973753,tt19298226
nm5991145,tt3863658
nm5993444,tt4947942
nm5997359,tt15368984
nm5997999,tt8697870
nm6011565,tt3479536
nm6012160,tt8697870
nm6014045,tt4701906
nm6018502,tt3596224
nm6032251,tt0064242
nm6033468,tt8697870
nm6035836,tt3281644
nm6038369,tt3863658
nm6038370,tt3863658
nm6038417,tt3863658
nm6042337,tt8697870
nm6045547,tt3281644
nm6068773,tt13020856
nm6070800,tt3281644
nm6080005,tt4947942
nm6084049,tt7510998
nm6085937,tt4701906
nm6091093,tt4610162
nm6096041,tt5615700
nm6099077,tt3853494
nm6101352,tt3863658
nm6101353,tt3863658
nm6101409,tt3863658
nm6106891,tt3863658
nm6106895,tt3863658
nm6106899,tt3863658
nm6109955,tt3281644
nm6109960,tt3281644
nm6121512,tt0064242
nm6121514,tt0064242
nm6129050,tt5008396
nm6129426,tt0064242
nm6150597,tt0064242
nm6153049,tt11272882
nm6156569,tt7570204
nm6172233,tt0167559
nm6172259,tt0167559
nm6177437,tt8697870
nm6179986,tt12719846
nm6197206,tt8697870
nm6198764,tt3863658
nm6206246,tt3447400
nm6206377,tt3447400
nm6209029,tt3458206
nm6209030,tt3458206
nm6211505,tt1954854
nm6222009,tt4701906
nm6222494,tt8697870
nm6232366,tt3479536
nm6232367,tt3479536
nm6232368,tt3479536
nm6232369,tt3479536
nm6232370,tt3479536
nm6232371,tt3479536
nm6232372,tt3479536
nm6232373,tt3479536
nm6232374,tt3479536
nm6232375,tt3479536
nm6232774,tt8697870
nm6241900,tt13830348
nm6244407,tt11013952
nm6245038,tt2268732
nm6253092,tt3500236
nm6253093,tt3500236
nm6254943,tt5615700
nm6259529,tt0138976
nm6261876,tt2268732
nm6261877,tt2268732
nm6261878,tt2268732
nm6261879,tt2268732
nm6261880,tt2268732
nm6261881,tt2268732
nm6261882,tt2268732
nm6261883,tt2268732
nm6261884,tt2268732
nm6261885,tt2268732
nm6261886,tt2268732
nm6261887,tt2268732
nm6261888,tt2268732
nm6261889,tt2268732
nm6261890,tt2268732
nm6261891,tt2268732
nm6261892,tt2268732
nm6261893,tt2268732
nm6261894,tt2268732
nm6261895,tt2268732
nm6261896,tt2268732
nm6261897,tt2268732
nm6261898,tt2268732
nm6261899,tt2268732
nm6261900,tt2268732
nm6261901,tt2268732
nm6261902,tt2268732
nm6261903,tt2268732
nm6261904,tt2268732
nm6261905,tt2268732
nm6261906,tt2268732
nm6261907,tt2268732
nm6261908,tt2268732
nm6261909,tt2268732
nm6261910,tt2268732
nm6261911,tt2268732
nm6261912,tt2268732
nm6261913,tt2268732
nm6261915,tt2268732
nm6261916,tt2268732
nm6261917,tt2268732
nm6261918,tt2268732
nm6261919,tt2268732
nm6261920,tt2268732
nm6268658,tt0064242
nm6281063,tt8107454
nm6283211,tt3093310
nm6294017,tt4947942
nm6298920,tt8697870
nm6305081,tt5615700
nm6320297,tt3563644
nm6320298,tt3563644
nm6322997,tt20217332
nm6323006,tt20217332
nm6328357,tt1954854
nm6335173,tt4845720
nm6336902,tt0477472
nm6346304,tt8983256
nm6356985,tt12719846
nm6374544,tt3596224
nm6376057,tt8697870
nm6392235,tt11893234
nm6396977,tt2268732
nm6400119,tt7570204
nm6405135,tt3853494
nm6407509,tt3648066
nm6407510,tt3648066
nm6407512,tt3648066
nm6407513,tt3648066
nm6407514,tt3648066
nm6407515,tt3648066
nm6413120,tt8697870
nm6413321,tt8697870
nm6430129,tt12719846
nm6432835,tt12719846
nm6438268,tt2918606
nm6443673,tt4701906
nm6450683,tt5615700
nm6451407,tt3281644
nm6451408,tt3281644
nm6451418,tt13020856
nm6460511,tt4701906
nm6462150,tt1954854
nm6467188,tt2268732
nm6472517,tt3059532
nm6472522,tt3059532
nm6472524,tt3059532
nm6472525,tt3059532
nm6472526,tt3059532
nm6474954,tt8343126
nm6476300,tt8697870
nm6478431,tt7688204
nm6480164,tt3059532
nm6480166,tt3059532
nm6480171,tt3059532
nm6480172,tt3059532
nm6480173,tt3059532
nm6484507,tt1202295
nm6488984,tt3281644
nm6488985,tt3281644
nm6492169,tt5443616
nm6493956,tt19298226
nm6500918,tt4947942
nm6503009,tt0491388
nm6508954,tt0215719
nm6511974,tt3812944
nm6515228,tt4701906
nm6517355,tt3751418
nm6517445,tt8983256
nm6522897,tt4327950
nm6522899,tt4327950
nm6523586,tt20415224
nm6529131,tt8469000
nm6534416,tt11256450
nm6535875,tt2268732
nm6535876,tt2268732
nm6535882,tt2268732
nm6535883,tt2268732
nm6535884,tt2268732
nm6535885,tt2268732
nm6535886,tt2268732
nm6535887,tt2268732
nm6536229,tt5635832
nm6543715,tt2289149
nm6544123,tt8697870
nm6558150,tt11256450
nm6567710,tt11013952
nm6574138,tt5443616
nm6578368,tt3812944
nm6578369,tt3812944
nm6578370,tt3812944
nm6578371,tt3812944
nm6578372,tt3812944
nm6578374,tt3812944
nm6578376,tt3812944
nm6578377,tt3812944
nm6578378,tt3812944
nm6578379,tt3812944
nm6578380,tt3812944
nm6578381,tt3812944
nm6578382,tt3812944
nm6578383,tt3812944
nm6578384,tt3812944
nm6578385,tt3812944
nm6578386,tt3812944
nm6578387,tt3812944
nm6584676,tt3812944
nm6586859,tt3853494
nm6595367,tt4947942
nm6595454,tt13020856
nm6598020,tt14180740
nm6612099,tt2289149
nm6612100,tt2289149
nm6612101,tt2289149
nm6612102,tt2289149
nm6612103,tt2289149
nm6612104,tt2289149
nm6612105,tt2289149
nm6612106,tt2289149
nm6612107,tt2289149
nm6612108,tt2289149
nm6614664,tt2289149
nm6614671,tt2289149
nm6614672,tt2289149
nm6614673,tt2289149
nm6614674,tt2289149
nm6614676,tt2289149
nm6615094,tt4701906
nm6617694,tt3863658
nm6620758,tt8697870
nm6626600,tt1954854
nm6626601,tt1954854
nm6626920,tt1954854
nm6626921,tt1954854
nm6635123,tt4947942
nm6638240,tt3873326
nm6638241,tt3873326
nm6649966,tt13664684
nm6650560,tt1954854
nm6654848,tt4947942
nm6662828,tt1954854
nm6662829,tt1954854
nm6662840,tt1954854
nm6664160,tt1954854
nm6664218,tt1954854
nm6666241,tt1954854
nm6666367,tt1954854
nm6667641,tt8697870
nm6678836,tt15368984
nm6682421,tt3873326
nm6690796,tt3038606
nm6700007,tt3953786
nm6702093,tt4427342
nm6704198,tt4845720
nm6705041,tt8697870
nm6711647,tt0319480
nm6717873,tt3973770
nm6717874,tt3973770
nm6717875,tt3973770
nm6717876,tt3973770
nm6717877,tt3973770
nm6717878,tt3973770
nm6717879,tt3973770
nm6717880,tt3973770
nm6718352,tt4610162
nm6730611,tt6714530
nm6745289,tt8697870
nm6747638,tt3863658
nm6749779,tt13830348
nm6751679,tt3863658
nm6754294,tt0454341
nm6755156,tt5615700
nm6768697,tt12719846
nm6777852,tt10071282
nm6779139,tt4947942
nm6783400,tt3863658
nm6798434,tt13830348
nm6798625,tt6477924
nm6801902,tt1989712
nm6802239,tt3853494
nm6812507,tt5615700
nm6815630,tt8697870
nm6826652,tt5615700
nm6833179,tt13698572
nm6834837,tt4701906
nm6835246,tt8697870
nm6838101,tt8697870
nm6849217,tt8697870
nm6855616,tt1954854
nm6873760,tt11451528
nm6884905,tt3863658
nm6887247,tt0454341
nm6892514,tt4947942
nm6897868,tt0078095
nm6898739,tt3853494
nm6906170,tt5635832
nm6921260,tt2191737
nm6923858,tt11085230
nm6925277,tt13830348
nm6935028,tt8697870
nm6939887,tt8697870
nm6940441,tt6849882
nm6952656,tt4248130
nm6954165,tt7570204
nm6955075,tt8697870
nm6955354,tt4701906
nm6959512,tt5615700
nm6963916,tt3853494
nm6963917,tt3853494
nm6963918,tt3853494
nm6963919,tt3853494
nm6963920,tt3853494
nm6963921,tt3853494
nm6963922,tt3853494
nm6963923,tt3853494
nm6963924,tt3853494
nm6963925,tt3853494
nm6963928,tt3853494
nm6963930,tt3853494
nm6963932,tt3853494
nm6963935,tt3853494
nm6970016,tt5443616
nm6977492,tt5852468
nm6978663,tt8697870
nm6979735,tt4327950
nm6981200,tt2994948
nm6993683,tt5564524
nm6995817,tt0356803
nm7004382,tt4701906
nm7011038,tt8117210
nm7011065,tt8117210
nm7023981,tt4327950
nm7032172,tt5852468
nm7042153,tt8697870
nm7042674,tt8697870
nm7051156,tt13664684
nm7059079,tt15368984
nm7077701,tt6645244
nm7086255,tt4397590
nm7086256,tt4397590
nm7088572,tt20217332
nm7095741,tt6487762
nm7097253,tt4417064
nm7097254,tt4417064
nm7097255,tt4417064
nm7097256,tt4417064
nm7097257,tt4417064
nm7100642,tt4701906
nm7101913,tt1954854
nm7102690,tt5635832
nm7107033,tt4427342
nm7107034,tt4427342
nm7110730,tt3479536
nm7112502,tt8697870
nm7114519,tt4437164
nm7114555,tt7207862
nm7130884,tt4457612
nm7132960,tt12187454
nm7151119,tt8637420
nm7154553,tt5615700
nm7162524,tt8697870
nm7167522,tt5443616
nm7168154,tt12719846
nm7173439,tt6869922
nm7187347,tt19298226
nm7191284,tt4947942
nm7196164,tt5615700
nm7199527,tt11198412
nm7221026,tt5615700
nm7227475,tt13020856
nm7227938,tt5443616
nm7240816,tt8697870
nm7244332,tt8697870
nm7244988,tt8245462
nm7247700,tt8697870
nm7254396,tt11013952
nm7259290,tt3863658
nm7260072,tt8697870
nm7263641,tt13830348
nm7268265,tt8697870
nm7281361,tt11394188
nm7294074,tt15368984
nm7315083,tt13672954
nm7321528,tt5615700
nm7324619,tt5615700
nm7336169,tt5615700
nm7337135,tt4947942
nm7338121,tt6999026
nm7347760,tt5615700
nm7356815,tt5554588
nm7370039,tt4947942
nm7378070,tt4947942
nm7386996,tt4701906
nm7388313,tt8697870
nm7391211,tt4701906
nm7395742,tt13830348
nm7400613,tt4785014
nm7405197,tt7501432
nm7405478,tt5635832
nm7414591,tt8049570
nm7420349,tt5443616
nm7428524,tt11394188
nm7428665,tt6999026
nm7434186,tt5615700
nm7445907,tt4845720
nm7454533,tt4856256
nm7454534,tt4856256
nm7454535,tt4856256
nm7454536,tt4856256
nm7454537,tt4856256
nm7454538,tt4856256
nm7454539,tt4856256
nm7454540,tt4856256
nm7454541,tt4856256
nm7454542,tt4856256
nm7455038,tt8697870
nm7455813,tt3146264
nm7460289,tt4701906
nm7461438,tt5615700
nm7476398,tt8697870
nm7476469,tt3146264
nm7476470,tt3146264
nm7476471,tt3146264
nm7477795,tt5615700
nm7478488,tt5635832
nm7478489,tt5635832
nm7478544,tt5635832
nm7481396,tt3863658
nm7483882,tt3863658
nm7483889,tt3863658
nm7483891,tt3863658
nm7483896,tt3863658
nm7483958,tt3863658
nm7483959,tt3863658
nm7483960,tt3863658
nm7483989,tt3863658
nm7483990,tt3863658
nm7483991,tt3863658
nm7493530,tt4947942
nm7503223,tt18372308
nm7510132,tt3863658
nm7528646,tt4947942
nm7528647,tt4947942
nm7528648,tt4947942
nm7528649,tt4947942
nm7531857,tt4947942
nm7531858,tt4947942
nm7531859,tt4947942
nm7531860,tt4947942
nm7531861,tt4947942
nm7531893,tt4947942
nm7531894,tt4947942
nm7531895,tt4947942
nm7531934,tt4947942
nm7535433,tt14172216
nm7543014,tt4968190
nm7546857,tt2918606
nm7547482,tt4947942
nm7547483,tt4947942
nm7547484,tt4947942
nm7547485,tt4947942
nm7547486,tt4947942
nm7547525,tt4947942
nm7547548,tt4947942
nm7547549,tt4947942
nm7547550,tt4947942
nm7547551,tt4947942
nm7547616,tt4947942
nm7547617,tt4947942
nm7547618,tt4947942
nm7547635,tt4947942
nm7547636,tt4947942
nm7547637,tt4947942
nm7547638,tt4947942
nm7547639,tt4947942
nm7547653,tt4947942
nm7547654,tt4947942
nm7549662,tt4947942
nm7549678,tt4947942
nm7549680,tt4947942
nm7549681,tt4947942
nm7549682,tt4947942
nm7554195,tt1202295
nm7554691,tt14180740
nm7563458,tt4947942
nm7572199,tt5008396
nm7572200,tt5008396
nm7572553,tt4947942
nm7572554,tt4947942
nm7572555,tt4947942
nm7581128,tt8983256
nm7592841,tt8697870
nm7598478,tt14180740
nm7600708,tt9189292
nm7604284,tt8697870
nm7606081,tt13830348
nm7614507,tt8697870
nm7618023,tt5069006
nm7618414,tt8697870
nm7621056,tt5635832
nm7623573,tt5635832
nm7624162,tt8697870
nm7628238,tt14180740
nm7630712,tt4701906
nm7637264,tt11451528
nm7639018,tt5615700
nm7639708,tt0078095
nm7639709,tt0078095
nm7639710,tt0078095
nm7639711,tt0078095
nm7639712,tt0078095
nm7639713,tt0078095
nm7639714,tt0078095
nm7639715,tt0078095
nm7639716,tt0078095
nm7639718,tt0078095
nm7639719,tt0078095
nm7639721,tt0078095
nm7639723,tt0078095
nm7639725,tt0078095
nm7650343,tt13574646
nm7652849,tt6566878
nm7657023,tt8697870
nm7658102,tt5120026
nm7677635,tt5140422
nm7687679,tt8697870
nm7704678,tt14180740
nm7712891,tt8697870
nm7715681,tt0201289
nm7717556,tt12187454
nm7724388,tt3863658
nm7724389,tt3863658
nm7724390,tt3863658
nm7731577,tt0491388
nm7737890,tt8697870
nm7743805,tt12719846
nm7762753,tt4947942
nm7762754,tt4947942
nm7762755,tt4947942
nm7762756,tt4947942
nm7762774,tt4947942
nm7762775,tt4947942
nm7762776,tt4947942
nm7762777,tt4947942
nm7762778,tt4947942
nm7762779,tt4947942
nm7762780,tt4947942
nm7762781,tt4947942
nm7762783,tt4947942
nm7762813,tt4947942
nm7762814,tt4947942
nm7762815,tt4947942
nm7762816,tt4947942
nm7762817,tt4947942
nm7762819,tt4947942
nm7762820,tt4947942
nm7762821,tt4947942
nm7762823,tt4947942
nm7762824,tt4947942
nm7762825,tt4947942
nm7762835,tt4947942
nm7762836,tt4947942
nm7762837,tt4947942
nm7762838,tt4947942
nm7762839,tt4947942
nm7762840,tt4947942
nm7762841,tt4947942
nm7762842,tt4947942
nm7762843,tt4947942
nm7762844,tt4947942
nm7762845,tt4947942
nm7762846,tt4947942
nm7762847,tt4947942
nm7762848,tt4947942
nm7762849,tt4947942
nm7762891,tt4947942
nm7764940,tt4947942
nm7765034,tt4947942
nm7765243,tt4947942
nm7769463,tt6999026
nm7778053,tt13830348
nm7781199,tt19394738
nm7786772,tt14180740
nm7786880,tt0403508
nm7790762,tt5615700
nm7810072,tt5293608
nm7810073,tt5293608
nm7810074,tt5293608
nm7816100,tt7510998
nm7817255,tt5615700
nm7818128,tt8697870
nm7820838,tt4947942
nm7824789,tt19298226
nm7839225,tt13352198
nm7843120,tt6744876
nm7844580,tt5334154
nm7863186,tt0305472
nm7863226,tt0305472
nm7866630,tt5443616
nm7875434,tt8992986
nm7879496,tt5334154
nm7879497,tt5334154
nm7884695,tt14180740
nm7902941,tt11037642
nm7903653,tt5615700
nm7908756,tt14180740
nm7911559,tt5564524
nm7911749,tt6744876
nm7919662,tt5615700
nm7923072,tt8697870
nm7929460,tt5615700
nm7931541,tt5473872
nm7931542,tt5473872
nm7931543,tt5473872
nm7931545,tt5473872
nm7931546,tt5473872
nm7931547,tt5473872
nm7931548,tt5473872
nm7934016,tt1984194
nm7935385,tt9587200
nm7941034,tt7510998
nm7945190,tt8697870
nm7945656,tt13664684
nm7952050,tt13020856
nm7954665,tt7688204
nm7956288,tt5503924
nm7956319,tt5503924
nm7957071,tt8697870
nm7962312,tt8049570
nm7965730,tt5615700
nm7972653,tt11394188
nm7974941,tt11394188
nm7977450,tt11013952
nm7978717,tt8697870
nm8000848,tt5615700
nm8000985,tt5554588
nm8005050,tt5554588
nm8007703,tt5554588
nm8028564,tt14180740
nm8032101,tt5635832
nm8035515,tt5635832
nm8037642,tt5615700
nm8042057,tt2334739
nm8046361,tt9749952
nm8046703,tt5008396
nm8046704,tt5008396
nm8053129,tt5635832
nm8055901,tt5615700
nm8067208,tt2309001
nm8070108,tt5635832
nm8070109,tt5635832
nm8088201,tt5677386
nm8101859,tt8697870
nm8102468,tt8697870
nm8103226,tt8697870
nm8110042,tt5677386
nm8110043,tt5677386
nm8110044,tt5677386
nm8110730,tt4947942
nm8122455,tt5554588
nm8127726,tt8697870
nm8131342,tt5707598
nm8135114,tt8697870
nm8140160,tt8697870
nm8143139,tt5008396
nm8150460,tt4947942
nm8150461,tt4947942
nm8150462,tt4947942
nm8150463,tt4947942
nm8150464,tt4947942
nm8150465,tt4947942
nm8150466,tt4947942
nm8150479,tt4947942
nm8150480,tt4947942
nm8150481,tt4947942
nm8150482,tt4947942
nm8157216,tt5821882
nm8162146,tt4701906
nm8180049,tt4947942
nm8180433,tt8697870
nm8191503,tt13135806
nm8192769,tt8697870
nm8200516,tt0454341
nm8228232,tt8697870
nm8234672,tt14017054
nm8239615,tt5832096
nm8239616,tt5832096
nm8239617,tt5832096
nm8239618,tt5832096
nm8239619,tt5832096
nm8239621,tt5832096
nm8252017,tt8697870
nm8255002,tt8697870
nm8258556,tt8697870
nm8259993,tt5852468
nm8259994,tt5852468
nm8259996,tt5852468
nm8262250,tt13830348
nm8262413,tt8697870
nm8268283,tt5615700
nm8274762,tt8697870
nm8290451,tt12319254
nm8306654,tt5008396
nm8312684,tt6566878
nm8319302,tt12839216
nm8324816,tt11013952
nm8324817,tt11013952
nm8331773,tt11013952
nm8332654,tt8697870
nm8339037,tt8697870
nm8343752,tt13830348
nm8347696,tt5615700
nm8361032,tt8697870
nm8368520,tt4701906
nm8379169,tt8992986
nm8381569,tt8697870
nm8400490,tt2994948
nm8408904,tt8647390
nm8421179,tt6044056
nm8422381,tt17079684
nm8429949,tt4947942
nm8445770,tt11868976
nm8449620,tt13830348
nm8457363,tt5852468
nm8460300,tt5852468
nm8462806,tt8697870
nm8463074,tt13664684
nm8468960,tt2334739
nm8476310,tt6105576
nm8484396,tt5615700
nm8487931,tt5615700
nm8494983,tt7257104
nm8503963,tt5635832
nm8515566,tt6155578
nm8523981,tt8992986
nm8528641,tt8697870
nm8528981,tt5615700
nm8541629,tt8637420
nm8541630,tt8637420
nm8542174,tt5615700
nm8545200,tt8697870
nm8559587,tt8697870
nm8568303,tt7510998
nm8569242,tt5635832
nm8575471,tt6849882
nm8585414,tt0064242
nm8585416,tt0064242
nm8593231,tt13664684
nm8595370,tt5554588
nm8602436,tt3479536
nm8602437,tt3479536
nm8602616,tt12719846
nm8603307,tt5615700
nm8613311,tt5615700
nm8619497,tt8697870
nm8624558,tt8697870
nm8635229,tt8697870
nm8637010,tt0324120
nm8640268,tt13830348
nm8655086,tt7266696
nm8665202,tt8697870
nm8668406,tt8697870
nm8683712,tt13144054
nm8686939,tt5503924
nm8690066,tt9856372
nm8692282,tt8697870
nm8692739,tt7570204
nm8706876,tt8469000
nm8706878,tt8469000
nm8744127,tt6477924
nm8747602,tt5615700
nm8750207,tt8697870
nm8757473,tt5615700
nm8760837,tt5821882
nm8760838,tt5821882
nm8760839,tt5821882
nm8760840,tt5821882
nm8760841,tt5821882
nm8760842,tt5821882
nm8770942,tt8697870
nm8783789,tt0059601
nm8785636,tt13830348
nm8785924,tt5635832
nm8788586,tt0064242
nm8788587,tt0064242
nm8788588,tt0064242
nm8788589,tt0064242
nm8788590,tt0064242
nm8791035,tt11394188
nm8793337,tt0491388
nm8793856,tt0491388
nm8793862,tt0491388
nm8798313,tt0148429
nm8799308,tt11256450
nm8801440,tt8697870
nm8803323,tt6566878
nm8804276,tt7501432
nm8804504,tt8697870
nm8813472,tt8697870
nm8815461,tt0491388
nm8817334,tt8697870
nm8817596,tt8885846
nm8819088,tt5615700
nm8828136,tt0491388
nm8828573,tt8697870
nm8830426,tt6616096
nm8830427,tt6616096
nm8830428,tt6616096
nm8835019,tt8697870
nm8836545,tt8343126
nm8838866,tt0491388
nm8838867,tt0491388
nm8838868,tt0491388
nm8838869,tt0491388
nm8846890,tt5615700
nm8854488,tt5615700
nm8858732,tt5615700
nm8864542,tt13830348
nm8866366,tt5615700
nm8874971,tt8697870
nm8883484,tt5615700
nm8885479,tt13830348
nm8886860,tt14351914
nm8899276,tt7108994
nm8899316,tt7108994
nm8899722,tt4701906
nm8901276,tt1984194
nm8903290,tt6744876
nm8903292,tt6744876
nm8905753,tt12719846
nm8909022,tt8697870
nm8915393,tt8697870
nm8924252,tt6829926
nm8924400,tt10071282
nm8931919,tt14351914
nm8946406,tt8697870
nm8953759,tt6829926
nm8963029,tt5615700
nm8964101,tt0305472
nm8964276,tt5615700
nm8966794,tt6849882
nm8966795,tt6849882
nm8966796,tt6849882
nm8966797,tt6849882
nm8966798,tt6849882
nm8966799,tt6849882
nm8966800,tt6849882
nm8966801,tt6849882
nm8966802,tt6849882
nm8966803,tt6849882
nm8966804,tt6849882
nm8966806,tt6849882
nm8966807,tt6849882
nm8976535,tt8697870
nm8980288,tt6869922
nm8980289,tt6869922
nm9003195,tt6910228
nm9003200,tt6910228
nm9003201,tt6910228
nm9003202,tt6910228
nm9003327,tt11272882
nm9004650,tt6910228
nm9005035,tt6910228
nm9005036,tt6910228
nm9005037,tt6910228
nm9005038,tt6910228
nm9005044,tt6910228
nm9006522,tt8697870
nm9006897,tt8697870
nm9010563,tt8697870
nm9014955,tt8049570
nm9017821,tt6829926
nm9023320,tt3853494
nm9025147,tt14017054
nm9025150,tt14017054
nm9036851,tt14180740
nm9038760,tt16279228
nm9044182,tt15368984
nm9060666,tt7009214
nm9070238,tt8697870
nm9070559,tt8245462
nm9081839,tt7049212
nm9081840,tt7049212
nm9082474,tt13830348
nm9083359,tt0305472
nm9083360,tt0305472
nm9093137,tt0267734
nm9095335,tt13830348
nm9102762,tt7501432
nm9108659,tt7099176
nm9109682,tt9654134
nm9113436,tt7108994
nm9115764,tt7108994
nm9115765,tt7108994
nm9116060,tt13830348
nm9128197,tt13352198
nm9128600,tt8697870
nm9138490,tt13352198
nm9141008,tt11085230
nm9152263,tt8697870
nm9171477,tt12719846
nm9173755,tt7207862
nm9173756,tt7207862
nm9173757,tt7207862
nm9185445,tt14180740
nm9193965,tt8697870
nm9202325,tt5615700
nm9205389,tt12839216
nm9207262,tt8697870
nm9208474,tt5615700
nm9210151,tt7266696
nm9210528,tt7266696
nm9216358,tt11394188
nm9225304,tt8697870
nm9228063,tt7853540
nm9230419,tt8697870
nm9233723,tt7305676
nm9233724,tt7305676
nm9233725,tt7305676
nm9233726,tt7305676
nm9240010,tt7315890
nm9240011,tt7315890
nm9240012,tt7315890
nm9241204,tt8697870
nm9249516,tt7510998
nm9253589,tt7108994
nm9253921,tt16119612
nm9253924,tt16119612
nm9263337,tt6487762
nm9263878,tt15368984
nm9270821,tt8697870
nm9273627,tt5615700
nm9273826,tt14180740
nm9274009,tt5615700
nm9282169,tt14172216
nm9286065,tt7394572
nm9286067,tt7394572
nm9306667,tt8697870
nm9307766,tt8245462
nm9308921,tt8245462
nm9310623,tt4701906
nm9322159,tt7394572
nm9328827,tt13830348
nm9330097,tt11272882
nm9331627,tt8697870
nm9333047,tt8697870
nm9334909,tt7491724
nm9339161,tt7501432
nm9339162,tt7501432
nm9340828,tt8677940
nm9343673,tt7510998
nm9343674,tt7510998
nm9347622,tt8697870
nm9348942,tt13830348
nm9360613,tt5615700
nm9369463,tt7550794
nm9369464,tt7550794
nm9369465,tt7550794
nm9369466,tt7550794
nm9376549,tt13335292
nm9377779,tt18372308
nm9378323,tt8697870
nm9379906,tt4701906
nm9391629,tt14564900
nm9394442,tt8697870
nm9397269,tt11256450
nm9400960,tt12719846
nm9402953,tt11451528
nm9403263,tt4701906
nm9403386,tt12719846
nm9409819,tt5635832
nm9410165,tt15368984
nm9419318,tt12719846
nm9421475,tt9856372
nm9429768,tt12278870
nm9435110,tt5615700
nm9436301,tt8245462
nm9445584,tt6999026
nm9452912,tt8697870
nm9468417,tt12719846
nm9471932,tt5615700
nm9483772,tt8697870
nm9484276,tt12278870
nm9488212,tt12719846
nm9493043,tt15368984
nm9496183,tt8697870
nm9514787,tt19731308
nm9522441,tt2918606
nm9529357,tt7756138
nm9530716,tt8697870
nm9533473,tt5615700
nm9534357,tt12187454
nm9565308,tt13664684
nm9577766,tt8697870
nm9578736,tt19298226
nm9584535,tt8697870
nm9609060,tt5615700
nm9615390,tt8343126
nm9645642,tt12839216
nm9653933,tt8697870
nm9657236,tt8697870
nm9674312,tt9827138
nm9703166,tt8697870
nm9705415,tt8697870
nm9714662,tt8697870
nm9715385,tt12719846
nm9726455,tt12719846
nm9730666,tt19298226
nm9732315,tt8697870
nm9732620,tt4701906
nm9734464,tt15368984
nm9737444,tt5615700
nm9737463,tt5615700
nm9742014,tt8992986
nm9748848,tt16279228
nm9751472,tt8697870
nm9755196,tt8245462
nm9755197,tt8245462
nm9756330,tt12719846
nm9775213,tt8245462
nm9777919,tt13292780
nm9777920,tt13292780
nm9777921,tt13292780
nm9778410,tt4701906
nm9788132,tt5615700
nm9792446,tt8697870
nm9798583,tt8697870
nm9800724,tt13698572
nm9802367,tt8343126
nm9802368,tt8343126
nm9803974,tt8049570
nm9807130,tt13103456
nm9807131,tt13103456
nm9817286,tt8343126
nm9825793,tt8697870
nm9826483,tt8697870
nm9827296,tt11256450
nm9833290,tt5615700
nm9833291,tt5615700
nm9836540,tt8049570
nm9836541,tt8049570
nm9836638,tt8049570
nm9836658,tt8049570
nm9836686,tt8049570
nm9842545,tt13020856
nm9845360,tt13020856
nm9849054,tt5615700
nm9853868,tt8469000
nm9861400,tt5615700
nm9861726,tt11272882
nm9861938,tt4701906
nm9864289,tt5615700
nm9864290,tt5615700
nm9864291,tt5615700
nm9864884,tt8469000
nm9864885,tt8469000
nm9864886,tt8469000
nm9866738,tt8697870
nm9876838,tt12719846
nm9877196,tt7501432
nm9878465,tt13830348
nm9881101,tt10071282
nm9907551,tt5615700
nm9919204,tt8697870
nm9927024,tt13450958
nm9935752,tt11272882
nm9937415,tt11272882
nm9945916,tt8647390
nm9945917,tt8647390
nm9945918,tt8647390
nm9946458,tt12719846
nm9948986,tt6999026
nm9950951,tt8647390
nm9956492,tt8667814
nm9960870,tt8697870
nm9961247,tt8677940
nm9962715,tt5615700
nm9964869,tt5615700
nm9965401,tt10071282
nm9969687,tt8647390
nm9975756,tt13352198
nm9980182,tt19298226
nm9981033,tt12719846
nm9992629,tt13352198
