title_id,genre_id,order
tt0004551,4,1
tt0004551,2,2
tt0009119,8,1
tt0009119,13,2
tt0013698,15,1
tt0018251,15,1
tt0022864,4,1
tt0022864,8,2
tt0027467,8,1
tt0027467,5,2
tt0027467,15,3
tt0032050,4,1
tt0032050,8,2
tt0032050,5,3
tt0041189,4,1
tt0041189,16,2
tt0045779,3,1
tt0045779,4,2
tt0045779,16,3
tt0050372,2,1
tt0055005,8,1
tt0059601,4,1
tt0059601,15,2
tt0064242,8,1
tt0068839,1,1
tt0073477,2,1
tt0078095,17,1
tt0078095,16,2
tt0078095,9,3
tt0091970,14,1
tt0091970,8,2
tt0091970,20,3
tt0096583,8,1
tt0096583,5,2
tt0101211,4,1
tt0105808,1,1
tt0110425,10,1
tt0110425,21,2
tt0110425,23,3
tt0115058,2,1
tt0119759,11,1
tt0119759,1,2
tt0124704,28,1
tt0129439,28,1
tt0134171,8,1
tt0134171,2,2
tt0138976,4,1
tt0138976,8,2
tt0143707,28,1
tt0148429,3,1
tt0148429,2,2
tt0153079,28,1
tt0157776,2,1
tt0162664,4,1
tt0162664,2,2
tt0167559,4,1
tt0172342,1,1
tt0172342,2,2
tt0177054,2,1
tt0191583,28,1
tt0191583,4,2
tt0191583,14,3
tt0201289,18,1
tt0201289,14,2
tt0201289,8,3
tt0210944,2,1
tt0215719,4,1
tt0215719,5,2
tt0220525,1,1
tt0239444,23,1
tt0244127,8,1
tt0248846,11,1
tt0258293,1,1
tt0258293,2,2
tt0267734,1,1
tt0267734,2,2
tt0281834,2,1
tt0286565,3,1
tt0291295,1,1
tt0291295,12,2
tt0295970,4,1
tt0305472,4,1
tt0310140,28,1
tt0314810,2,1
tt0319480,18,1
tt0324120,17,1
tt0324120,14,2
tt0324120,8,3
tt0328788,18,1
tt0328788,17,2
tt0328788,3,3
tt0333416,23,1
tt0338027,2,1
tt0342958,1,1
tt0347574,4,1
tt0347574,2,2
tt0356803,4,1
tt0356803,8,2
tt0356803,5,3
tt0361412,28,1
tt0366082,4,1
tt0366082,8,2
tt0366082,16,3
tt0370766,8,1
tt0375425,16,1
tt0380054,2,1
tt0384991,18,1
tt0389620,1,1
tt0394230,18,1
tt0394230,17,2
tt0394230,14,3
tt0398896,4,1
tt0398896,2,2
tt0403508,4,1
tt0403508,8,2
tt0403508,5,3
tt0408133,14,1
tt0408133,8,2
tt0412734,1,1
tt0417374,1,1
tt0421990,22,1
tt0426590,8,1
tt0431201,8,1
tt0435827,4,1
tt0435827,2,2
tt0440437,28,1
tt0445049,4,1
tt0445049,2,2
tt0449700,5,1
tt0454341,20,1
tt0458951,28,1
tt0463568,28,1
tt0468193,4,1
tt0468193,2,2
tt0472813,18,1
tt0472813,14,2
tt0477472,14,1
tt0477472,8,2
tt0482123,18,1
tt0482123,28,2
tt0482123,17,3
tt0486777,8,1
tt0486777,20,2
tt0486777,5,3
tt0491388,8,1
tt0496005,1,1
tt0496005,2,2
tt0501028,26,1
tt0505595,17,1
tt0510233,12,1
tt0514794,8,1
tt0519362,15,1
tt0524124,4,1
tt0528680,8,1
tt0528680,5,2
tt0533213,4,1
tt0533213,12,2
tt0533213,25,3
tt0537749,8,1
tt0542295,8,1
tt0546853,8,1
tt0546853,5,2
tt0551400,4,1
tt0560503,12,1
tt0565101,8,1
tt0569663,4,1
tt0574310,14,1
tt0574310,8,2
tt0578873,16,1
tt0583421,14,1
tt0587976,8,1
tt0592497,8,1
tt0592497,10,2
tt0592497,20,3
tt0597129,18,1
tt0597129,14,2
tt0597129,8,3
tt0601672,14,1
tt0601672,8,2
tt0601672,20,3
tt0606202,4,1
tt0610738,4,1
tt0615287,25,1
tt0619832,4,1
tt0624467,21,1
tt0629009,4,1
tt0629009,16,2
tt0633586,25,1
tt0638106,14,1
tt0638106,8,2
tt0638106,23,3
tt0642624,4,1
tt0642624,25,2
tt0647164,4,1
tt0651713,1,1
tt0651713,19,2
tt0651713,2,3
tt0656261,14,1
tt0656261,8,2
tt0656261,20,3
tt0660869,8,1
tt0660869,9,2
tt0660869,10,3
tt0665436,4,1
tt0670024,4,1
tt0670024,12,2
tt0670024,25,3
tt0674541,8,1
tt0679229,4,1
tt0683784,4,1
tt0683784,7,2
tt0683784,25,3
tt0688317,6,1
tt0688317,25,2
tt0692843,25,1
tt0697378,8,1
tt0701952,14,1
tt0706474,18,1
tt0706474,14,2
tt0706474,8,3
tt0711051,17,1
tt0711051,4,2
tt0711051,16,3
tt0715609,4,1
tt0715609,12,2
tt0715609,25,3
tt0720170,4,1
tt0720170,8,2
tt0720170,5,3
tt0724822,12,1
tt0724822,25,2
tt0729360,25,1
tt0733902,8,1
tt0738480,4,1
tt0738480,25,2
tt0743024,15,1
tt0747713,4,1
tt0747713,16,2
tt0747713,5,3
tt0752261,4,1
tt0756830,4,1
tt0756830,5,2
tt0761476,17,1
tt0761476,26,2
tt0761476,27,3
tt0766111,16,1
tt0770819,4,1
tt0770819,5,2
tt0775456,1,1
tt0775456,21,2
tt0780086,1,1
tt0780086,2,2
tt0784733,17,1
tt0784733,3,2
tt0784733,4,3
tt0789357,4,1
tt0789357,8,2
tt0789357,16,3
tt0798661,11,1
tt0798661,1,2
tt0798661,19,3
tt0803308,4,1
tt0803308,6,2
tt0803308,25,3
tt0807892,8,1
tt0812496,26,1
tt0812496,27,2
tt0817194,4,1
tt0817194,2,2
tt0821790,18,1
tt0821790,13,2
tt0826426,8,1
tt0826426,5,2
tt0831155,8,1
tt0835822,4,1
tt0840498,12,1
tt0845161,18,1
tt0845161,17,2
tt0845161,3,3
tt0854389,16,1
tt0854389,22,2
tt0859024,4,1
tt0863715,8,1
tt0863715,5,2
tt0868307,17,1
tt0868307,3,2
tt0868307,8,3
tt0872988,8,1
tt0877642,10,1
tt0882295,8,1
tt0882295,19,2
tt0882295,13,3
tt0886958,1,1
tt0886958,19,2
tt0891589,8,1
tt0896319,14,1
tt0896319,8,2
tt0900953,8,1
tt0905676,17,1
tt0905676,3,2
tt0905676,8,3
tt0910335,4,1
tt0915060,16,1
tt0919793,8,1
tt0919793,16,2
tt0924390,3,1
tt0924390,4,2
tt0924390,16,3
tt0928986,16,1
tt0928986,5,2
tt0933601,27,1
tt0938219,27,1
tt0942866,12,1
tt0942866,27,2
tt0947542,16,1
tt0947542,9,2
tt0947542,22,3
tt0952189,4,1
tt0952189,8,2
tt0952189,5,3
tt0956853,5,1
tt0961503,4,1
tt0961503,12,2
tt0961503,25,3
tt0966161,17,1
tt0966161,3,2
tt0966161,4,3
tt0975538,8,1
tt0980191,18,1
tt0980191,17,2
tt0980191,3,3
tt0984824,18,1
tt0984824,3,2
tt0984824,4,3
tt0989434,1,1
tt0989434,27,2
tt0994081,26,1
tt0998684,8,1
tt10006630,8,1
tt10006630,5,2
tt10014704,4,1
tt10014704,9,2
tt10014704,21,3
tt10022662,25,1
tt1003071,8,1
tt1003071,5,2
tt1003864,3,1
tt10046836,4,1
tt10046836,16,2
tt10054892,16,1
tt10063032,7,1
tt10063032,25,2
tt10071282,8,1
tt10071282,2,2
tt10079320,4,1
tt10079320,5,2
tt1008739,4,1
tt1008739,2,2
tt10095410,1,1
tt1010359,8,1
tt1010359,5,2
tt1011170,26,1
tt10119772,8,1
tt10127872,25,1
tt1013605,28,1
tt10144172,25,1
tt10152238,6,1
tt10160210,8,1
tt10168354,6,1
tt10176470,8,1
tt10184662,18,1
tt10184662,14,2
tt10184662,8,3
tt10192492,8,1
tt10200488,4,1
tt10208574,25,1
tt1021650,17,1
tt1021650,4,2
tt1021650,16,3
tt1022470,8,1
tt1022470,5,2
tt1022470,21,3
tt10232688,8,1
tt10240750,1,1
tt1024875,2,1
tt10256714,8,1
tt10264882,4,1
tt10264882,2,2
tt10272968,8,1
tt10272968,5,2
tt10281126,14,1
tt10281126,8,2
tt10281126,20,3
tt10289210,4,1
tt10297314,14,1
tt10297314,8,2
tt10297314,20,3
tt10305372,8,1
tt1031352,4,1
tt10321766,4,1
tt10321766,8,2
tt10321766,5,3
tt1032982,8,1
tt1032982,5,2
tt10337842,8,1
tt1034606,8,1
tt1034606,5,2
tt10354034,25,1
tt1036222,8,1
tt1036222,25,2
tt1037048,4,1
tt10378572,8,1
tt10386806,8,1
tt10386806,5,2
tt1039496,1,1
tt10402942,7,1
tt10411192,8,1
tt10411192,5,2
tt10419280,25,1
tt10427258,4,1
tt10435274,4,1
tt10435274,14,2
tt10435274,8,3
tt10443436,1,1
tt10443436,25,2
tt10451424,4,1
tt10459522,8,1
tt10467770,4,1
tt10475960,8,1
tt10475960,5,2
tt1048399,4,1
tt10492090,25,1
tt10500182,1,1
tt10500182,2,2
tt10508134,8,1
tt10516496,17,1
tt10516496,3,2
tt10516496,4,3
tt10524462,28,1
tt10532598,18,1
tt10532598,17,2
tt10532598,14,3
tt10540716,27,1
tt10548710,11,1
tt10556764,12,1
tt10565014,12,1
tt10572870,21,1
tt10580974,25,1
tt10589076,5,1
tt1059710,4,1
tt1059710,16,2
tt1059710,9,3
tt10605256,8,1
tt10614008,26,1
tt10621924,4,1
tt10621924,8,2
tt10621924,9,3
tt10629922,4,1
tt1063791,8,1
tt1064592,26,1
tt10653858,14,1
tt10653858,23,2
tt10661930,14,1
tt10661930,7,2
tt1066985,25,1
tt10678090,4,1
tt10686222,6,1
tt10686222,25,2
tt10694234,8,1
tt10702042,25,1
tt10709932,5,1
tt10717764,25,1
tt10725668,4,1
tt10733668,5,1
tt1074157,14,1
tt1074157,8,2
tt1074157,5,3
tt10749470,8,1
tt10757462,14,1
tt10757462,8,2
tt10757462,5,3
tt10765580,1,1
tt1077384,4,1
tt1077384,2,2
tt1078185,4,1
tt1078185,8,2
tt10790154,1,1
tt10798276,8,1
tt10798276,5,2
tt10806306,4,1
tt10806306,16,2
tt10814222,7,1
tt10814222,27,2
tt10814222,25,3
tt10822204,8,1
tt10822204,16,2
tt10830178,1,1
tt10838094,1,1
tt10838094,27,2
tt10846018,1,1
tt10846018,2,2
tt10854226,16,1
tt10862224,1,1
tt10862224,25,2
tt10870140,8,1
tt10877960,17,1
tt10877960,4,2
tt10877960,9,3
tt10885846,5,1
tt10893898,26,1
tt10901802,6,1
tt10909720,8,1
tt10917838,7,1
tt10917838,27,2
tt10917838,25,3
tt10925900,7,1
tt1093421,14,1
tt1093421,5,2
tt10942374,7,1
tt10950354,25,1
tt10958492,12,1
tt10958492,27,2
tt10958492,25,3
tt1096630,4,1
tt1096630,16,2
tt10974134,28,1
tt10982076,10,1
tt10982076,23,2
tt1099013,3,1
tt1099013,4,2
tt1099013,16,3
tt10997996,8,1
tt11005992,7,1
tt11005992,27,2
tt11005992,25,3
tt11013952,4,1
tt11013952,5,2
tt11021880,25,1
tt11029798,27,1
tt11037642,4,1
tt11045536,27,1
tt11053500,8,1
tt11061298,8,1
tt1106924,16,1
tt11077232,4,1
tt11085230,2,1
tt11085230,23,2
tt11093292,8,1
tt11101166,25,1
tt11109206,4,1
tt11117162,26,1
tt11117162,27,2
tt1112525,3,1
tt1112525,16,2
tt1112525,9,3
tt11133312,4,1
tt11133312,16,2
tt11141320,9,1
tt11149378,4,1
tt11149378,8,2
tt11157492,27,1
tt11165624,3,1
tt11165624,16,2
tt11165624,12,3
tt1117368,8,1
tt11181746,8,1
tt11181746,5,2
tt11190102,8,1
tt11198412,10,1
tt11198412,2,2
tt11206578,4,1
tt11206578,8,2
tt11206578,9,3
tt11215042,26,1
tt11223418,4,1
tt11231676,12,1
tt11231676,27,2
tt11248216,1,1
tt11256450,2,1
tt11264634,4,1
tt11264634,8,2
tt11272882,4,1
tt11280964,26,1
tt11289134,8,1
tt1129721,8,1
tt1129721,12,2
tt1129721,5,3
tt11305316,1,1
tt11313428,16,1
tt11321360,28,1
tt11321360,5,2
tt11329578,5,1
tt11337440,4,1
tt11337440,2,2
tt1134552,4,1
tt1134552,2,2
tt11353716,8,1
tt11361848,27,1
tt1137003,27,1
tt1137003,6,2
tt11378058,4,1
tt11386000,8,1
tt11386000,5,2
tt11394188,1,1
tt1140218,4,1
tt1140218,8,2
tt1140218,16,3
tt11410200,12,1
tt11410200,2,2
tt11419152,5,1
tt11426988,12,1
tt11435398,7,1
tt11443462,12,1
tt11443462,2,2
tt11451528,5,1
tt11451528,2,2
tt11459590,11,1
tt11459590,1,2
tt11459590,25,3
tt11467658,11,1
tt11475592,5,1
tt11483744,7,1
tt11483744,25,2
tt11491754,8,1
tt11499778,4,1
tt11499778,8,2
tt11499778,5,3
tt11507750,7,1
tt11515746,6,1
tt11523638,28,1
tt11531550,8,1
tt11547350,26,1
tt11555296,1,1
tt1156322,10,1
tt1156322,2,2
tt11571368,8,1
tt11579428,16,1
tt11579428,9,2
tt11579428,19,3
tt11587500,8,1
tt11595596,4,1
tt11595596,25,2
tt11603738,4,1
tt11603738,8,2
tt11603738,5,3
tt11611830,1,1
tt11619892,4,1
tt1162782,14,1
tt1162782,8,2
tt1162782,5,3
tt11635860,8,1
tt11643950,27,1
tt11652008,7,1
tt11660050,8,1
tt11660050,16,2
tt11660050,5,3
tt11668010,8,1
tt11668010,27,2
tt11668010,25,3
tt11676134,4,1
tt11676134,25,2
tt11683986,23,1
tt11692056,3,1
tt1170014,1,1
tt1170014,19,2
tt11708082,4,1
tt11716076,11,1
tt11716076,8,2
tt11716076,9,3
tt11724084,7,1
tt11732090,17,1
tt11732090,4,2
tt11732090,16,3
tt1174014,12,1
tt11748276,4,1
tt11748276,12,2
tt11756324,1,1
tt1176434,4,1
tt11772368,25,1
tt11788552,8,1
tt11796584,4,1
tt11796584,22,2
tt11796584,7,3
tt11804708,8,1
tt11812694,14,1
tt11820746,1,1
tt11820746,12,2
tt11828888,8,1
tt11828888,5,2
tt11836844,4,1
tt11844844,1,1
tt11852964,18,1
tt11852964,14,2
tt11852964,8,3
tt11860956,4,1
tt11868976,2,1
tt11877058,14,1
tt11877058,8,2
tt11877058,20,3
tt11885222,6,1
tt11893234,1,1
tt11901160,8,1
tt11901160,5,2
tt1190920,1,1
tt1191735,8,1
tt11925416,17,1
tt11925416,4,2
tt11925416,8,3
tt11933356,25,1
tt11941378,4,1
tt11949326,8,1
tt11957464,28,1
tt11965682,4,1
tt11965682,8,2
tt11965682,5,3
tt11973748,4,1
tt11973748,7,2
tt11973748,25,3
tt11981782,6,1
tt11989764,18,1
tt11989764,17,2
tt11989764,14,3
tt1199792,4,1
tt12006370,8,1
tt12006370,5,2
tt1201488,27,1
tt1202295,6,1
tt12031236,5,1
tt12039642,4,1
tt12039642,8,2
tt12039642,16,3
tt12047600,8,1
tt12047600,2,2
tt12055622,18,1
tt12055622,17,2
tt12055622,3,3
tt1206370,8,1
tt1206370,5,2
tt12080700,4,1
tt1208878,4,1
tt1208878,8,2
tt1208878,5,3
tt12096734,18,1
tt12096734,17,2
tt12096734,3,3
tt1212106,1,1
tt1212106,2,2
tt12129242,28,1
tt1213745,4,1
tt12146130,14,1
tt12146130,1,2
tt12154386,9,1
tt12162664,4,1
tt12171132,1,1
tt12171132,7,2
tt12179230,8,1
tt12187454,4,1
tt12195594,5,1
tt1220401,16,1
tt1220401,26,2
tt1220401,27,3
tt12212454,1,1
tt12212454,27,2
tt12220858,20,1
tt12220858,2,2
tt12220858,23,3
tt12229456,18,1
tt12229456,14,2
tt12237926,14,1
tt12237926,8,2
tt12246032,12,1
tt12254076,26,1
tt12262492,1,1
tt12270670,8,1
tt12270670,9,2
tt12270670,10,3
tt12278870,8,1
tt12278870,5,2
tt12278870,2,3
tt12287014,25,1
tt12295046,1,1
tt12295046,6,2
tt12303036,25,1
tt1231102,4,1
tt12319254,1,1
tt12327354,27,1
tt12327354,25,2
tt1233526,28,1
tt12343328,28,1
tt12351540,1,1
tt12351540,19,2
tt12359858,8,1
tt12368002,28,1
tt12376346,4,1
tt12376346,1,2
tt12376346,7,3
tt12384390,1,1
tt12392450,25,1
tt12400630,16,1
tt1240882,4,1
tt1240882,16,2
tt1240882,26,3
tt12417492,8,1
tt12417492,5,2
tt12425764,10,1
tt1243434,4,1
tt1243434,16,2
tt12443114,4,1
tt12443114,14,2
tt12443114,8,3
tt1245168,3,1
tt1245168,4,2
tt1245168,8,3
tt12460296,8,1
tt12468462,8,1
tt12468462,5,2
tt12476336,4,1
tt12484854,8,1
tt12493232,8,1
tt12501602,8,1
tt12510392,8,1
tt1251904,16,1
tt12527636,8,1
tt1253631,4,1
tt12545866,5,1
tt12554526,25,1
tt12563424,4,1
tt12563424,16,2
tt12563424,27,3
tt12572282,4,1
tt12581396,8,1
tt12590190,8,1
tt12599088,6,1
tt12607486,8,1
tt12615742,14,1
tt12615742,23,2
tt12624570,8,1
tt12624570,27,2
tt12633314,3,1
tt12633314,4,2
tt12633314,8,3
tt12641614,4,1
tt12650716,28,1
tt12659032,8,1
tt12667936,8,1
tt12685530,25,1
tt1269458,25,1
tt12702928,8,1
tt12711298,8,1
tt12719846,8,1
tt12744866,8,1
tt12744866,16,2
tt12744866,5,3
tt12753666,2,1
tt12753666,23,2
tt1276209,4,1
tt1276209,25,2
tt12779030,8,1
tt1278834,27,1
tt12796892,8,1
tt12805888,4,1
tt12814044,6,1
tt12822712,8,1
tt12830788,7,1
tt12839216,20,1
tt12839216,21,2
tt12839216,2,3
tt12847598,8,1
tt12856042,17,1
tt12856042,3,2
tt12856042,4,3
tt12864190,8,1
tt1287229,4,1
tt12880988,28,1
tt1288954,8,1
tt1288954,5,2
tt1289766,8,1
tt1289766,27,2
tt12905718,4,1
tt12905718,25,2
tt12914100,16,1
tt12914100,26,2
tt12922760,1,1
tt12931354,1,1
tt1293949,8,1
tt1293949,5,2
tt12947606,8,1
tt12955684,4,1
tt12955684,25,2
tt12963676,25,1
tt12971812,4,1
tt12971812,25,2
tt12979988,3,1
tt12979988,4,2
tt12979988,16,3
tt1298830,2,1
tt12996422,5,1
tt1300467,8,1
tt1300467,5,2
tt13012756,12,1
tt13020856,8,1
tt13020856,20,2
tt13029042,3,1
tt13037076,8,1
tt13046016,21,1
tt13046016,2,2
tt13054046,8,1
tt13070574,3,1
tt13078894,6,1
tt13087100,8,1
tt13095294,8,1
tt13103456,10,1
tt13103456,2,2
tt13111768,4,1
tt1311983,8,1
tt1311983,5,2
tt1312789,4,1
tt13135806,4,1
tt13135806,10,2
tt13144054,25,1
tt13152254,2,1
tt13152254,23,2
tt13160310,4,1
tt13160310,8,2
tt1316845,18,1
tt1316845,8,2
tt1316845,5,3
tt13176420,8,1
tt13176420,25,2
tt13184586,4,1
tt13184586,8,2
tt13184586,25,3
tt13201114,25,1
tt13209322,25,1
tt13217602,11,1
tt13217602,14,2
tt13217602,1,3
tt13225812,25,1
tt13234068,25,1
tt13242414,17,1
tt13242414,4,2
tt13242414,16,3
tt1325085,4,1
tt13259260,28,1
tt13267632,12,1
tt13267632,2,2
tt13276098,25,1
tt13284448,27,1
tt13292780,4,1
tt13301088,25,1
tt13309590,16,1
tt13318214,8,1
tt13318214,25,2
tt13326750,5,1
tt13335292,8,1
tt13335292,2,2
tt13343812,4,1
tt13343812,25,2
tt13352198,4,1
tt13360612,4,1
tt13360612,12,2
tt13360612,25,3
tt13369152,4,1
tt13377372,4,1
tt13377372,12,2
tt13377372,25,3
tt13385602,16,1
tt13394012,25,1
tt13402032,27,1
tt1341020,8,1
tt1341020,5,2
tt13418454,4,1
tt13418454,12,2
tt13418454,25,3
tt1342648,4,1
tt1342648,8,2
tt1342648,16,3
tt13434798,1,1
tt13442826,7,1
tt13442826,25,2
tt13450958,28,1
tt13459238,7,1
tt13467404,7,1
tt13467404,25,2
tt13475378,3,1
tt13475378,4,2
tt13475378,9,3
tt13483880,12,1
tt13492608,25,1
tt1350079,3,1
tt1350079,4,2
tt1350079,16,3
tt13509266,2,1
tt13517566,7,1
tt13525640,7,1
tt13525640,25,2
tt13533764,4,1
tt13533764,7,2
tt1354204,4,1
tt1354204,8,2
tt1354204,16,3
tt1355017,7,1
tt1355017,25,2
tt13566578,6,1
tt13566578,25,2
tt13574646,2,1
tt13582822,7,1
tt13582822,6,2
tt13599164,3,1
tt13599164,4,2
tt1360725,1,1
tt13615494,25,1
tt1362370,8,1
tt1362370,2,2
tt13631866,4,1
tt13631866,12,2
tt13631866,25,3
tt13640216,4,1
tt13648554,11,1
tt13648554,1,2
tt13648554,2,3
tt1365659,16,1
tt1365659,2,2
tt13664684,20,1
tt13664684,23,2
tt13672954,28,1
tt1368111,1,1
tt13689588,27,1
tt13698572,1,1
tt13707196,4,1
tt13707196,8,2
tt13707196,5,3
tt1371579,4,1
tt1371579,14,2
tt1371579,22,3
tt1372415,18,1
tt1372415,17,2
tt1372415,8,3
tt13732658,11,1
tt13740804,14,1
tt13740804,8,2
tt13748666,6,1
tt13756720,25,1
tt13765082,7,1
tt1377336,1,1
tt13781530,25,1
tt1379783,4,1
tt1379783,12,2
tt1379783,25,3
tt13814222,10,1
tt13822276,7,1
tt13830348,17,1
tt13830348,9,2
tt13830348,21,3
tt13838374,8,1
tt1384639,8,1
tt1384639,5,2
tt13854538,25,1
tt13862490,1,1
tt13870596,6,1
tt13878656,25,1
tt13886910,8,1
tt13895000,25,1
tt13903202,4,1
tt13903202,25,2
tt13911396,3,1
tt13919448,1,1
tt13927556,25,1
tt13935618,4,1
tt13943776,16,1
tt13943776,26,2
tt1395189,4,1
tt1395189,2,2
tt13976422,4,1
tt13984658,14,1
tt13984658,8,2
tt13984658,20,3
tt13992820,25,1
tt14001072,26,1
tt14001072,27,2
tt14008908,8,1
tt14017054,8,1
tt14025172,8,1
tt14025172,25,2
tt14033352,28,1
tt14041594,4,1
tt14041594,7,2
tt14041594,25,3
tt1404981,17,1
tt1404981,3,2
tt1404981,4,3
tt14057992,8,1
tt1406607,4,1
tt14074164,1,1
tt1408224,1,1
tt14090524,4,1
tt14090524,8,2
tt14090524,10,3
tt14098626,8,1
tt14106594,8,1
tt14106594,16,2
tt14106594,5,3
tt14114744,8,1
tt14123048,28,1
tt14131382,16,1
tt14139446,8,1
tt14147552,26,1
tt14147552,27,2
tt14155660,8,1
tt14163834,7,1
tt14172216,8,1
tt14172216,2,2
tt14180740,14,1
tt14189138,14,1
tt14197076,4,1
tt1420499,3,1
tt1420499,16,2
tt1420499,9,3
tt14213438,8,1
tt14213438,16,2
tt14221686,4,1
tt14221686,26,2
tt1423004,25,1
tt14237998,11,1
tt14246078,6,1
tt14254018,17,1
tt14254018,3,2
tt14254018,4,3
tt1426223,4,1
tt14270404,18,1
tt14270404,8,2
tt14270404,5,3
tt14278696,4,1
tt14278696,21,2
tt14278696,2,3
tt1428692,3,1
tt1428692,4,2
tt1428692,14,3
tt14294922,1,1
tt14294922,7,2
tt14303012,27,1
tt14311002,25,1
tt14319088,8,1
tt14327046,17,1
tt14327046,4,2
tt14327046,16,3
tt1433517,28,1
tt1434346,12,1
tt14351914,12,1
tt14360020,12,1
tt14368214,8,1
tt14376524,10,1
tt14376524,23,2
tt14384450,1,1
tt14384450,19,2
tt14384450,27,3
tt14392996,8,1
tt14392996,5,2
tt14392996,23,3
tt14401062,8,1
tt14409200,8,1
tt14417042,25,1
tt14425442,7,1
tt1443373,10,1
tt1443373,2,2
tt14449818,28,1
tt1445814,7,1
tt14466394,17,1
tt14466394,3,2
tt14466394,8,3
tt14474492,11,1
tt14474492,8,2
tt1448274,7,1
tt14491062,14,1
tt14499140,23,1
tt14507266,3,1
tt14507266,4,2
tt14507266,8,3
tt14515472,17,1
tt14523498,28,1
tt14531636,4,1
tt14531636,25,2
tt14540028,12,1
tt14540028,2,2
tt1454816,7,1
tt14556470,11,1
tt14564900,12,1
tt14564900,2,2
tt14573374,8,1
tt14581372,8,1
tt14589404,8,1
tt14606266,11,1
tt14606266,8,2
tt14606266,19,3
tt14614312,26,1
tt14631054,25,1
tt14639306,8,1
tt14647394,14,1
tt14647394,8,2
tt14655722,7,1
tt1466396,4,1
tt1466396,16,2
tt1466396,5,3
tt14672330,5,1
tt1468046,2,1
tt14688862,8,1
tt14697280,4,1
tt1470539,4,1
tt1470539,26,2
tt14713518,25,1
tt1472191,18,1
tt1472191,1,2
tt1472191,6,3
tt14730096,8,1
tt1473843,14,1
tt14747122,7,1
tt14747122,25,2
tt14755270,4,1
tt1476352,4,1
tt1477218,8,1
tt1477218,20,2
tt1477218,5,3
tt14780344,12,1
tt14780344,2,2
tt1478867,5,1
tt1478867,2,2
tt14796812,7,1
tt14804994,8,1
tt14813232,8,1
tt14829552,8,1
tt14829552,5,2
tt1483781,8,1
tt14846032,1,1
tt14854236,8,1
tt14862208,5,1
tt14870302,8,1
tt14878670,7,1
tt14886644,3,1
tt14886644,4,2
tt14886644,8,3
tt14894866,8,1
tt14902968,8,1
tt1491122,16,1
tt1491122,27,2
tt14919446,1,1
tt1492769,4,1
tt1492769,8,2
tt14936132,6,1
tt14944500,7,1
tt14952844,1,1
tt14961944,25,1
tt1497047,16,1
tt1497047,26,2
tt1497047,27,3
tt14978962,2,1
tt14987944,9,1
tt14996576,4,1
tt1500493,1,1
tt1500493,2,2
tt15013466,16,1
tt15013466,25,2
tt1502161,27,1
tt15030208,23,1
tt15038572,4,1
tt15046796,16,1
tt15055210,7,1
tt15063292,1,1
tt15071556,1,1
tt15080046,25,1
tt15088274,25,1
tt15096694,3,1
tt15096694,22,2
tt15104980,25,1
tt15113134,17,1
tt15113134,26,2
tt15113134,27,3
tt15121376,9,1
tt15129826,4,1
tt15129826,8,2
tt15129826,5,3
tt15137812,25,1
tt15146400,28,1
tt15162686,8,1
tt15171050,10,1
tt15179300,17,1
tt15179300,4,2
tt15179300,9,3
tt15187876,8,1
tt15187876,20,2
tt15195834,2,1
tt15204030,2,1
tt15212516,8,1
tt15220742,25,1
tt1522903,25,1
tt15237006,17,1
tt15237006,16,2
tt15237006,12,3
tt15245160,8,1
tt15253266,25,1
tt1526944,1,1
tt15277374,8,1
tt15285320,8,1
tt15293472,27,1
tt15301750,1,1
tt15309964,16,1
tt15318166,8,1
tt15326280,1,1
tt15334522,7,1
tt1534263,8,1
tt1534263,5,2
tt15350702,8,1
tt15350702,16,2
tt15350702,5,3
tt1535916,4,1
tt15368984,27,1
tt15377176,4,1
tt15377176,8,2
tt15377176,16,3
tt1538529,1,1
tt15393660,4,1
tt15393660,12,2
tt15401930,8,1
tt15401930,5,2
tt15410120,16,1
tt15418158,18,1
tt15418158,17,2
tt15418158,4,3
tt15426346,3,1
tt15426346,4,2
tt15426346,21,3
tt15434886,25,1
tt15443112,4,1
tt15451356,1,1
tt15451356,2,2
tt1545976,4,1
tt1545976,8,2
tt1545976,9,3
tt1546800,18,1
tt1546800,3,2
tt1546800,8,3
tt15476110,4,1
tt15484442,25,1
tt1549258,7,1
tt1549258,25,2
tt1550066,8,1
tt15509226,1,1
tt15517844,16,1
tt15526428,1,1
tt15535010,18,1
tt15535010,14,2
tt15535010,5,3
tt15543194,4,1
tt15543194,26,2
tt15543194,12,3
tt15551332,16,1
tt15559636,7,1
tt15568146,4,1
tt15576104,4,1
tt15583792,7,1
tt15591494,17,1
tt15591494,4,2
tt15591494,16,3
tt15599256,28,1
tt1560707,2,1
tt15615368,7,1
tt1562310,12,1
tt15630712,7,1
tt15638408,7,1
tt15646152,7,1
tt1565459,8,1
tt1565459,5,2
tt15671490,17,1
tt15671490,3,2
tt15671490,4,3
tt15679700,1,1
tt1568797,4,1
tt1569632,8,1
tt1569632,20,2
tt1569632,5,3
tt15704284,12,1
tt15704284,2,2
tt15712272,16,1
tt15720532,8,1
tt1572884,26,1
tt15737494,8,1
tt15746174,25,1
tt15755624,8,1
tt15763726,8,1
tt15771880,10,1
tt15771880,25,2
tt15771880,23,3
tt15779916,8,1
tt15788164,18,1
tt15796378,7,1
tt15804572,8,1
tt1581304,8,1
tt1581304,2,2
tt15821150,26,1
tt15829218,8,1
tt15837410,4,1
tt15837410,25,2
tt15845720,28,1
tt15853936,4,1
tt15861826,7,1
tt15869918,4,1
tt15869918,25,2
tt1587800,4,1
tt1587800,2,2
tt15885882,7,1
tt1589369,8,1
tt15901622,7,1
tt1591191,26,1
tt15926850,7,1
tt15934432,7,1
tt15942458,1,1
tt15942458,2,2
tt1595019,4,1
tt1595019,2,2
tt15957736,7,1
tt15965488,7,1
tt15973062,7,1
tt15981316,7,1
tt15989014,7,1
tt15996592,7,1
tt16013440,7,1
tt16027834,4,1
tt16046980,27,1
tt1606311,28,1
tt16070708,7,1
tt16088836,8,1
tt16096726,7,1
tt1610698,7,1
tt16119612,8,1
tt16138540,7,1
tt1615335,7,1
tt1615335,25,2
tt16161786,16,1
tt16173450,7,1
tt16173450,27,2
tt16173450,25,3
tt1619556,12,1
tt1620635,1,1
tt1620635,2,2
tt16223714,3,1
tt16223714,4,2
tt16223714,16,3
tt16233798,1,1
tt16253204,6,1
tt16261834,3,1
tt16270268,8,1
tt16270268,5,2
tt16279228,4,1
tt16279228,8,2
tt16279228,2,3
tt1628772,1,1
tt1628772,2,2
tt16297088,4,1
tt16297088,8,2
tt16297088,2,3
tt16306338,4,1
tt16306338,2,2
tt16322588,27,1
tt16330140,27,1
tt16338174,27,1
tt16346414,27,1
tt1635560,25,1
tt16366698,17,1
tt16366698,3,2
tt16366698,4,3
tt16374810,4,1
tt16383372,8,1
tt16392430,28,1
tt16403928,1,1
tt16403928,2,2
tt16412408,25,1
tt16421732,3,1
tt16421732,2,2
tt16430914,4,1
tt16430914,26,2
tt16430914,6,3
tt16440586,27,1
tt16449054,4,1
tt1645741,1,1
tt1647103,27,1
tt1648609,12,1
tt1650669,8,1
tt1650669,5,2
tt16530882,8,1
tt16547960,8,1
tt16579232,6,1
tt16593438,3,1
tt16593438,4,2
tt16593438,16,3
tt1660942,16,1
tt1660942,26,2
tt1660942,27,3
tt1663060,4,1
tt1663060,12,2
tt1663060,25,3
tt1666363,4,1
tt1666363,2,2
tt16685488,12,1
tt16685488,22,2
tt1671297,7,1
tt1671297,25,2
tt16732484,2,1
tt1674326,16,1
tt16753118,8,1
tt16753118,5,2
tt16761638,1,1
tt16761638,16,2
tt1677663,3,1
tt1677663,16,2
tt1677663,9,3
tt16808858,5,1
tt1684161,3,1
tt1684161,16,2
tt1684161,9,3
tt1687817,25,1
tt1689988,8,1
tt1689988,5,2
tt16915624,8,1
tt16915624,5,2
tt16946022,8,1
tt16946022,23,2
tt1696631,1,1
tt16974884,12,1
tt16974884,22,2
tt16983754,4,1
tt1699469,25,1
tt17007038,28,1
tt17022146,8,1
tt17041866,4,1
tt17041866,25,2
tt1705074,4,1
tt1705074,2,2
tt17059422,7,1
tt17070496,7,1
tt17079684,8,1
tt1711626,16,1
tt17154114,12,1
tt17154114,22,2
tt17162768,25,1
tt1719522,8,1
tt1719522,20,2
tt1719522,2,3
tt17231380,25,1
tt17275504,17,1
tt17275504,4,2
tt17275504,26,3
tt17292372,7,1
tt17292372,25,2
tt17319382,3,1
tt17319382,4,2
tt17319382,16,3
tt17337678,7,1
tt17352132,12,1
tt17352132,22,2
tt17375486,12,1
tt17375486,22,2
tt1741000,16,1
tt1741000,21,2
tt1744147,7,1
tt1748449,27,1
tt17495566,12,1
tt17495566,22,2
tt1750468,27,1
tt17513622,4,1
tt17513622,7,2
tt17513622,25,3
tt17522822,12,1
tt17522822,22,2
tt17539470,26,1
tt1755924,1,1
tt1759454,6,1
tt17633142,25,1
tt17661416,26,1
tt17661416,27,2
tt1768036,8,1
tt1768036,5,2
tt17717024,25,1
tt17737760,8,1
tt17737760,9,2
tt17737760,5,3
tt1777962,7,1
tt1777962,6,2
tt1777962,25,3
tt1781167,8,1
tt1785353,23,1
tt17888748,8,1
tt17888748,9,2
tt17888748,5,3
tt1791763,4,1
tt1800467,8,1
tt1804694,8,1
tt1804694,20,2
tt1804694,5,3
tt18072240,4,1
tt1808107,14,1
tt1808107,8,2
tt1808107,20,3
tt1810915,17,1
tt1814730,4,1
tt1814730,2,2
tt1817791,4,1
tt1817791,14,2
tt1817791,2,3
tt1821111,27,1
tt18228402,8,1
tt18228402,5,2
tt18237588,3,1
tt18237588,4,2
tt18237588,16,3
tt18250040,17,1
tt18250040,3,2
tt18250040,4,3
tt18258786,12,1
tt18258786,22,2
tt18267664,8,1
tt18267664,5,2
tt18276262,3,1
tt18284742,25,1
tt18293388,25,1
tt18302176,25,1
tt18327618,1,1
tt18336318,7,1
tt18344530,8,1
tt1835593,8,1
tt18372308,8,1
tt18372308,5,2
tt1838129,26,1
tt18399048,3,1
tt18399048,4,2
tt18399048,1,3
tt1842864,16,1
tt1842864,7,2
tt1845590,8,1
tt18482886,4,1
tt18482886,8,2
tt18508744,4,1
tt18508744,16,2
tt18508744,26,3
tt18545228,22,1
tt1855530,8,1
tt1856439,1,1
tt18573200,1,1
tt1860868,4,1
tt1860868,8,2
tt1860868,12,3
tt18647692,22,1
tt1867363,12,1
tt18691634,22,1
tt1872728,8,1
tt18751960,25,1
tt18775136,22,1
tt1880959,2,1
tt1880959,23,2
tt18830812,18,1
tt18830812,8,2
tt1887357,14,1
tt1887357,8,2
tt1887357,5,3
tt18926600,7,1
tt18934936,8,1
tt18934936,23,2
tt18949284,4,1
tt18949284,16,2
tt18949284,26,3
tt18974444,1,1
tt1900642,16,1
tt1900642,19,2
tt19036788,16,1
tt19036788,25,2
tt19049406,8,1
tt1907295,27,1
tt1910064,16,1
tt19119500,25,1
tt1915351,17,1
tt1915351,3,2
tt1915351,4,3
tt19178896,7,1
tt1922167,17,1
tt1922167,3,2
tt1922167,4,3
tt19245192,8,1
tt19268264,4,1
tt19268264,2,2
tt19298226,4,1
tt1932398,18,1
tt1932398,17,2
tt1932398,3,3
tt19355100,28,1
tt19364504,25,1
tt1937357,8,1
tt1937357,2,2
tt19385910,27,1
tt19385910,25,2
tt19394738,1,1
tt19403678,10,1
tt19403678,20,2
tt19412066,27,1
tt19412066,25,2
tt1943949,1,1
tt1947925,1,1
tt1947925,27,2
tt1947925,25,3
tt19497070,3,1
tt19514494,8,1
tt19514494,16,2
tt19514494,5,3
tt1954854,8,1
tt1959209,4,1
tt1965404,7,1
tt1969061,8,1
tt1969061,2,2
tt19713744,4,1
tt19713744,8,2
tt1972277,8,1
tt19731308,20,1
tt19731308,2,2
tt19754444,7,1
tt19767402,4,1
tt19783452,18,1
tt19783452,17,2
tt19783452,8,3
tt19801354,28,1
tt19817140,25,1
tt1984194,18,1
tt19851512,25,1
tt19860762,1,1
tt19860762,16,2
tt19870052,7,1
tt19878370,14,1
tt19878370,8,2
tt19878370,20,3
tt19887192,28,1
tt1989712,8,1
tt1993484,18,1
tt1993484,17,2
tt1993484,8,3
tt1998005,4,1
tt1998005,16,2
tt1998005,22,3
tt2001890,4,1
tt2001890,12,2
tt2001890,25,3
tt2006023,16,1
tt20101978,8,1
tt20101978,2,2
tt20118622,1,1
tt2013548,18,1
tt2013548,17,2
tt2013548,3,3
tt2016460,4,1
tt20193132,18,1
tt20193132,17,2
tt20193132,16,3
tt20201762,7,1
tt20217332,1,1
tt20217332,19,2
tt20217332,2,3
tt20226794,4,1
tt20236940,2,1
tt20245898,8,1
tt20245898,20,2
tt20245898,5,3
tt20254910,3,1
tt2027806,4,1
tt2027806,1,2
tt20317140,26,1
tt20317140,27,2
tt2035122,4,1
tt2038279,17,1
tt2038279,8,2
tt2038279,2,3
tt20415224,8,1
tt2042403,18,1
tt2042403,17,2
tt2042403,3,3
tt2044520,7,1
tt2044520,25,2
tt2045695,3,1
tt2045695,4,2
tt20523648,14,1
tt20561838,28,1
tt2058876,7,1
tt2058876,25,2
tt20604284,4,1
tt20604284,2,2
tt2067481,7,1
tt2071553,17,1
tt2071553,1,2
tt2071553,16,3
tt2073421,26,1
tt2073421,27,2
tt2075569,8,1
tt2075569,27,2
tt2075569,25,3
tt20768628,16,1
tt20782334,2,1
tt2081377,2,1
tt2083841,12,1
tt20855342,1,1
tt20855342,27,2
tt20863932,8,1
tt2087268,14,1
tt2087268,20,2
tt2088157,1,1
tt2090164,7,1
tt2092701,3,1
tt2096932,8,1
tt2100750,4,1
tt21030616,2,1
tt21030616,15,2
tt21039036,26,1
tt21048014,28,1
tt2107323,4,1
tt2107323,14,2
tt2107323,8,3
tt2112215,8,1
tt2112215,2,2
tt2117046,16,1
tt2122077,27,1
tt2126836,4,1
tt2126836,12,2
tt2126836,25,3
tt2131533,2,1
tt2136261,7,1
tt2141177,4,1
tt2146039,25,1
tt2151071,8,1
tt2156062,23,1
tt2160958,25,1
tt2166318,27,1
tt2171392,3,1
tt2171392,4,2
tt2171392,2,3
tt2176478,1,1
tt2176478,7,2
tt2181558,27,1
tt2186614,1,1
tt2191737,8,1
tt2191737,16,2
tt2191737,12,3
tt2197004,7,1
tt2202144,26,1
tt2207435,2,1
tt2212677,8,1
tt2212677,16,2
tt2217673,8,1
tt2222890,4,1
tt2222890,8,2
tt2222890,16,3
tt2228004,16,1
tt2228004,26,2
tt2233105,18,1
tt2233105,17,2
tt2233105,21,3
tt2238202,27,1
tt2243267,7,1
tt2248342,14,1
tt2248342,1,2
tt2253433,26,1
tt2258528,25,1
tt2263563,8,1
tt2268732,8,1
tt2273749,8,1
tt2278724,1,1
tt2283732,8,1
tt2283732,15,2
tt2289149,4,1
tt2294207,18,1
tt2294207,17,2
tt2294207,12,3
tt2299163,4,1
tt2299163,12,2
tt2299163,25,3
tt2304114,16,1
tt2309001,14,1
tt2309001,8,2
tt2309001,23,3
tt2314062,1,1
tt2314062,6,2
tt2319193,1,1
tt2324324,17,1
tt2324324,16,2
tt2329521,4,1
tt2329521,25,2
tt2334739,18,1
tt2334739,20,2
tt2334739,23,3
tt2340219,26,1
tt2340219,12,2
tt2345367,4,1
tt2350370,8,1
tt2355490,1,1
tt2355490,12,2
tt2360657,4,1
tt2360657,5,2
tt2365841,8,1
tt2365841,2,2
tt2370994,7,1
tt2370994,25,2
tt2376132,4,1
tt2376132,25,2
tt2381308,8,1
tt2381308,5,2
tt2386319,14,1
tt2386319,2,2
tt2391449,25,1
tt2396510,4,1
tt2401660,8,1
tt2401660,5,2
tt2408870,7,1
tt2419956,8,1
tt2419956,5,2
tt2430508,8,1
tt2441234,4,1
tt2441234,7,2
tt2441234,25,3
tt2452164,8,1
tt2463136,27,1
tt2473832,27,1
tt2484882,8,1
tt2484882,20,2
tt2484882,5,3
tt2496222,16,1
tt2507836,4,1
tt2507836,12,2
tt2507836,25,3
tt2519586,8,1
tt2519586,16,2
tt2530664,17,1
tt2530664,8,2
tt2530664,5,3
tt2541464,8,1
tt2541464,16,2
tt2552514,14,1
tt2552514,8,2
tt2552514,27,3
tt2563804,8,1
tt2563804,2,2
tt2575010,1,1
tt2585994,8,1
tt2596278,4,1
tt2606762,25,1
tt2617876,12,1
tt2617876,25,2
tt2629012,4,1
tt2629012,2,2
tt2640294,7,1
tt2651396,8,1
tt2651396,2,2
tt2662506,27,1
tt2673062,7,1
tt2683434,7,1
tt2693056,8,1
tt2693056,5,2
tt2703928,8,1
tt2703928,9,2
tt2703928,10,3
tt2714902,20,1
tt2726510,8,1
tt2737272,1,1
tt2747368,12,1
tt2758294,26,1
tt2769506,12,1
tt2769506,2,2
tt2780098,1,1
tt2780098,2,2
tt2780098,6,3
tt2791176,27,1
tt2801708,17,1
tt2801708,3,2
tt2801708,8,3
tt2812070,1,1
tt2823030,1,1
tt2833644,14,1
tt2833644,8,2
tt2844024,7,1
tt2844024,6,2
tt2844024,25,3
tt2855012,8,1
tt2855012,5,2
tt2886300,12,1
tt2896608,27,1
tt2907550,27,1
tt2918606,14,1
tt2918606,8,2
tt2918606,23,3
tt2929134,17,1
tt2929134,4,2
tt2929134,8,3
tt2940224,25,1
tt2950990,4,1
tt2962044,3,1
tt2962044,16,2
tt2973180,8,1
tt2973180,5,2
tt2984214,7,1
tt2984214,25,2
tt2994948,10,1
tt2994948,23,2
tt3005612,26,1
tt3016934,1,1
tt3027964,2,1
tt3038606,4,1
tt3038606,10,2
tt3049006,7,1
tt3059532,2,1
tt3059532,25,2
tt3071234,4,1
tt3071234,8,2
tt3071234,2,3
tt3082446,11,1
tt3082446,8,2
tt3082446,16,3
tt3093310,18,1
tt3103888,28,1
tt3114698,4,1
tt3114698,8,2
tt3125370,8,1
tt3125370,2,2
tt3146264,17,1
tt3156718,25,1
tt3167468,4,1
tt3167468,16,2
tt3177984,27,1
tt3177984,6,2
tt3188544,8,1
tt3188544,2,2
tt3198720,8,1
tt3209082,6,1
tt3219508,1,1
tt3229858,6,1
tt3240382,1,1
tt3240382,2,2
tt3250718,4,1
tt3250718,5,2
tt3260962,8,1
tt3260962,2,2
tt3271470,7,1
tt3271470,25,2
tt3281644,4,1
tt3281644,14,2
tt3281644,2,3
tt3292066,4,1
tt3292066,26,2
tt3302646,27,1
tt3312798,20,1
tt3312798,2,2
tt3323390,2,1
tt3333896,25,1
tt3344298,4,1
tt3354778,9,1
tt3354778,20,2
tt3354778,23,3
tt3365222,26,1
tt3375166,8,1
tt3375166,20,2
tt3375166,2,3
tt3385786,4,1
tt3385786,2,2
tt3396098,18,1
tt3396098,3,2
tt3396098,4,3
tt3406542,1,1
tt3406542,20,2
tt3406542,23,3
tt3417000,7,1
tt3427050,1,1
tt3437076,4,1
tt3437076,16,2
tt3437076,25,3
tt3447400,1,1
tt3458206,4,1
tt3458206,9,2
tt3458206,2,3
tt3468828,25,1
tt3479536,8,1
tt3479536,6,2
tt3500236,2,1
tt3510988,1,1
tt3521812,3,1
tt3532540,1,1
tt3542654,25,1
tt3553362,1,1
tt3563644,4,1
tt3563644,8,2
tt3563644,5,3
tt3574496,4,1
tt3574496,6,2
tt3574496,25,3
tt3585348,4,1
tt3585348,5,2
tt3596224,4,1
tt3596224,8,2
tt3596224,2,3
tt3606554,25,1
tt3616992,4,1
tt3627266,25,1
tt3637476,26,1
tt3648066,10,1
tt3648066,20,2
tt3648066,2,3
tt3658448,4,1
tt3668854,4,1
tt3679072,25,1
tt3689372,4,1
tt3689372,25,2
tt3699894,25,1
tt3720518,4,1
tt3730932,14,1
tt3741090,25,1
tt3751418,3,1
tt3751418,16,2
tt3751418,2,3
tt3761656,17,1
tt3761656,4,2
tt3761656,8,3
tt3772108,8,1
tt3782554,17,1
tt3782554,4,2
tt3782554,16,3
tt3792792,16,1
tt3792792,26,2
tt3792792,12,3
tt3803038,1,1
tt3803038,2,2
tt3812944,26,1
tt3822956,16,1
tt3833148,1,1
tt3833148,7,2
tt3843302,3,1
tt3853494,27,1
tt3863658,4,1
tt3863658,5,2
tt3873326,7,1
tt3883636,8,1
tt3893898,16,1
tt3904298,14,1
tt3904298,1,2
tt3914476,18,1
tt3914476,3,2
tt3914476,4,3
tt3924964,18,1
tt3924964,3,2
tt3924964,9,3
tt3933960,7,1
tt3942956,7,1
tt3953786,8,1
tt3953786,2,2
tt3963934,12,1
tt3963934,2,2
tt3973770,8,1
tt3973770,2,2
tt3983944,1,1
tt3993858,7,1
tt4003562,2,1
tt4013612,8,1
tt4013612,22,2
tt4013612,5,3
tt4023436,4,1
tt4033520,3,1
tt4043540,4,1
tt4053548,12,1
tt4064026,12,1
tt4074006,1,1
tt4074006,8,2
tt4074006,16,3
tt4084262,1,1
tt4094182,4,1
tt4103932,4,1
tt4103932,10,2
tt4103932,23,3
tt4114508,1,1
tt4114508,16,2
tt4134794,18,1
tt4134794,14,2
tt4134794,8,3
tt4145184,16,1
tt4155514,27,1
tt4166012,27,1
tt4176218,14,1
tt4186308,1,1
tt4186308,27,2
tt4196424,4,1
tt4196424,7,2
tt4206350,25,1
tt4216504,14,1
tt4226696,4,1
tt4226696,5,2
tt4238182,16,1
tt4248130,4,1
tt4248130,8,2
tt4248130,16,3
tt4257918,10,1
tt4268038,8,1
tt4268038,5,2
tt4277936,8,1
tt4277936,5,2
tt4288000,3,1
tt4298008,7,1
tt4298008,2,2
tt4308076,25,1
tt4317894,23,1
tt4327950,8,1
tt4338046,4,1
tt4347928,12,1
tt4357658,4,1
tt4357658,21,2
tt4357658,2,3
tt4367502,14,1
tt4377678,1,1
tt4377678,7,2
tt4387652,4,1
tt4387652,12,2
tt4387652,7,3
tt4397590,11,1
tt4397590,2,2
tt4417064,4,1
tt4417064,2,2
tt4427342,4,1
tt4427342,2,2
tt4437164,3,1
tt4437164,2,2
tt4447380,8,1
tt4447380,5,2
tt4457612,8,1
tt4467934,17,1
tt4467934,3,2
tt4467934,10,3
tt4478056,27,1
tt4488342,17,1
tt4488342,3,2
tt4488342,9,3
tt4498298,1,1
tt4498298,8,2
tt4508524,8,1
tt4508524,16,2
tt4518774,4,1
tt4528904,4,1
tt4539176,1,1
tt4539176,7,2
tt4549626,16,1
tt4549626,26,2
tt4549626,12,3
tt4569952,28,1
tt4579860,3,1
tt4589780,9,1
tt4610162,1,1
tt4610162,19,2
tt4620192,28,1
tt4620192,3,2
tt4620192,4,3
tt4630704,17,1
tt4630704,4,2
tt4630704,16,3
tt4650704,4,1
tt4661062,4,1
tt4661062,25,2
tt4671576,16,1
tt4681624,27,1
tt4691616,4,1
tt4691616,7,2
tt4701906,8,1
tt4712096,1,1
tt4722224,18,1
tt4722224,17,2
tt4722224,3,3
tt4732248,14,1
tt4742124,8,1
tt4742124,2,2
tt4755304,8,1
tt4765084,27,1
tt4775146,7,1
tt4785014,4,1
tt4785014,1,2
tt4785014,2,3
tt4795000,7,1
tt4805334,14,1
tt4815092,4,1
tt4824970,1,1
tt4835170,27,1
tt4835170,25,2
tt4845720,14,1
tt4845720,20,2
tt4845720,2,3
tt4856256,10,1
tt4866746,7,1
tt4876760,27,1
tt4886926,8,1
tt4896796,1,1
tt4906916,27,1
tt4917100,14,1
tt4917100,8,2
tt4926994,3,1
tt4926994,4,2
tt4926994,8,3
tt4937446,14,1
tt4937446,23,2
tt4947942,17,1
tt4947942,8,2
tt4947942,22,3
tt4958034,3,1
tt4958034,16,2
tt4968190,4,1
tt4978412,8,1
tt4978412,5,2
tt4978412,21,3
tt4998464,28,1
tt5008396,8,1
tt5008396,2,2
tt5028524,8,1
tt5038652,25,1
tt5048998,9,1
tt5058954,4,1
tt5069006,9,1
tt5069006,21,2
tt5079344,4,1
tt5079344,25,2
tt5089484,28,1
tt5099778,14,1
tt5109854,1,1
tt5120026,2,1
tt5120026,6,2
tt5130102,25,1
tt5140422,8,1
tt5140422,20,2
tt5140422,2,3
tt5150696,1,1
tt5161060,8,1
tt5171048,8,1
tt5181296,4,1
tt5192130,4,1
tt5202336,8,1
tt5202336,5,2
tt5212424,8,1
tt5212424,25,2
tt5222414,8,1
tt5222414,23,2
tt5232718,26,1
tt5242996,1,1
tt5253032,2,1
tt5263356,4,1
tt5273440,1,1
tt5283574,1,1
tt5293608,1,1
tt5303712,4,1
tt5303712,14,2
tt5303712,8,3
tt5313860,6,1
tt5323724,4,1
tt5323724,8,2
tt5323724,5,3
tt5334154,8,1
tt5334154,2,2
tt5344408,8,1
tt5354610,27,1
tt5364726,4,1
tt5364726,8,2
tt5364726,16,3
tt5374936,8,1
tt5374936,27,2
tt5374936,5,3
tt5384492,7,1
tt5393598,7,1
tt5405234,7,1
tt5414242,7,1
tt5423616,5,1
tt5423616,2,2
tt5433774,4,1
tt5433774,2,2
tt5443616,8,1
tt5443616,2,2
tt5453620,8,1
tt5463688,4,1
tt5463688,14,2
tt5463688,22,3
tt5473872,1,1
tt5473872,2,2
tt5493900,4,1
tt5503924,8,1
tt5503924,2,2
tt5503924,23,3
tt5514398,4,1
tt5514398,2,2
tt5524388,8,1
tt5534714,8,1
tt5544782,4,1
tt5544782,16,2
tt5544782,25,3
tt5554588,4,1
tt5554588,2,2
tt5564524,2,1
tt5574750,27,1
tt5585008,4,1
tt5595232,12,1
tt5595232,2,2
tt5605278,8,1
tt5605278,5,2
tt5615700,8,1
tt5615700,9,2
tt5625864,8,1
tt5625864,5,2
tt5635832,21,1
tt5646246,14,1
tt5646246,1,2
tt5656726,1,1
tt5667066,11,1
tt5667066,1,2
tt5667066,19,3
tt5677386,2,1
tt5687084,12,1
tt5687084,27,2
tt5697428,4,1
tt5697428,8,2
tt5697428,5,3
tt5707598,8,1
tt5707598,2,2
tt5728592,1,1
tt5728592,2,2
tt5749440,25,1
tt5759874,28,1
tt5770262,4,1
tt5770262,12,2
tt5770262,25,3
tt5780710,16,1
tt5790938,4,1
tt5801250,27,1
tt5811612,8,1
tt5821882,2,1
tt5832096,10,1
tt5832096,2,2
tt5842294,7,1
tt5852468,8,1
tt5852468,2,2
tt5862520,3,1
tt5862520,4,2
tt5882802,4,1
tt5882802,25,2
tt5893026,6,1
tt5903010,8,1
tt5913146,16,1
tt5913146,26,2
tt5923290,17,1
tt5923290,26,2
tt5923290,27,3
tt5933170,8,1
tt5933170,5,2
tt5943202,8,1
tt5953478,4,1
tt5953478,16,2
tt5953478,26,3
tt5963806,18,1
tt5963806,14,2
tt5963806,8,3
tt5974062,7,1
tt5983934,4,1
tt5983934,14,2
tt5983934,8,3
tt5994162,4,1
tt5994162,25,2
tt6004224,8,1
tt6004224,5,2
tt6014122,8,1
tt6014122,5,2
tt6024168,7,1
tt6033986,8,1
tt6033986,20,2
tt6033986,23,3
tt6044056,17,1
tt6044056,16,2
tt6044056,2,3
tt6054274,25,1
tt6064312,7,1
tt6074240,4,1
tt6084418,25,1
tt6094940,25,1
tt6105576,12,1
tt6105576,2,2
tt6115542,28,1
tt6125252,7,1
tt6135296,17,1
tt6135296,4,2
tt6135296,14,3
tt6145386,1,1
tt6155578,4,1
tt6155578,10,2
tt6165826,4,1
tt6175932,8,1
tt6175932,16,2
tt6185712,27,1
tt6195658,7,1
tt6195658,27,2
tt6195658,25,3
tt6205466,1,1
tt6216184,4,1
tt6216184,8,2
tt6226358,25,1
tt6236388,1,1
tt6246536,17,1
tt6246536,3,2
tt6246536,4,3
tt6256464,28,1
tt6266536,25,1
tt6276602,4,1
tt6286586,1,1
tt6296740,8,1
tt6296740,5,2
tt6306548,4,1
tt6306548,25,2
tt6316108,3,1
tt6316108,4,2
tt6316108,16,3
tt6326164,2,1
tt6336266,8,1
tt6346640,4,1
tt6346640,25,2
tt6356786,28,1
tt6366892,18,1
tt6366892,17,2
tt6366892,3,3
tt6376860,26,1
tt6386726,4,1
tt6396538,8,1
tt6406658,4,1
tt6416756,25,1
tt6427538,25,1
tt6437664,7,1
tt6468128,1,1
tt6477924,8,1
tt6487762,4,1
tt6487762,2,2
tt6487762,23,3
tt6497684,8,1
tt6497684,5,2
tt6507390,8,1
tt6507390,5,2
tt6517710,25,1
tt6527856,11,1
tt6527856,8,2
tt6527856,19,3
tt6537698,8,1
tt6537698,5,2
tt6547578,25,1
tt6557260,8,1
tt6566878,23,1
tt6576756,25,1
tt6586422,8,1
tt6586422,5,2
tt6596380,7,1
tt6596380,25,2
tt6606304,4,1
tt6616096,8,1
tt6625726,5,1
tt6645244,8,1
tt6645244,2,2
tt6655128,1,1
tt6655128,2,2
tt6665040,8,1
tt6665040,5,2
tt6675024,8,1
tt6675024,5,2
tt6684902,3,1
tt6694910,27,1
tt6704614,20,1
tt6714530,8,1
tt6714530,2,2
tt6724506,8,1
tt6724506,12,2
tt6734666,8,1
tt6734666,5,2
tt6744876,12,1
tt6744876,2,2
tt6756448,28,1
tt6767196,4,1
tt6767196,5,2
tt6778218,23,1
tt6789304,8,1
tt6789304,16,2
tt6789304,5,3
tt6799712,17,1
tt6799712,9,2
tt6799712,5,3
tt6809756,7,1
tt6819898,8,1
tt6819898,19,2
tt6819898,5,3
tt6829926,21,1
tt6829926,2,2
tt6839838,8,1
tt6849882,4,1
tt6849882,8,2
tt6849882,2,3
tt6860016,11,1
tt6860016,14,2
tt6860016,8,3
tt6869922,8,1
tt6869922,2,2
tt6880324,4,1
tt6880324,8,2
tt6880324,5,3
tt6890494,14,1
tt6890494,8,2
tt6890494,20,3
tt6900154,11,1
tt6910228,19,1
tt6920120,4,1
tt6929960,8,1
tt6929960,16,2
tt6929960,5,3
tt6939524,7,1
tt6949210,7,1
tt6949210,25,2
tt6959028,8,1
tt6968972,3,1
tt6979060,1,1
tt6979060,19,2
tt6988822,27,1
tt6999026,8,1
tt7009214,12,1
tt7009214,2,2
tt7029342,8,1
tt7029342,22,2
tt7029342,5,3
tt7039404,6,1
tt7049212,27,1
tt7059336,26,1
tt7069100,12,1
tt7078936,28,1
tt7089122,8,1
tt7089122,20,2
tt7089122,5,3
tt7099176,1,1
tt7108994,6,1
tt7118854,25,1
tt7138722,8,1
tt7158524,19,1
tt7168422,7,1
tt7178506,7,1
tt7178506,25,2
tt7188350,8,1
tt7188350,5,2
tt7198110,1,1
tt7198110,7,2
tt7207862,20,1
tt7207862,2,2
tt7207862,23,3
tt7217546,7,1
tt7217546,25,2
tt7227616,4,1
tt7237564,8,1
tt7237564,5,2
tt7247290,18,1
tt7247290,17,2
tt7247290,3,3
tt7257104,8,1
tt7257104,19,2
tt7257104,2,3
tt7266696,7,1
tt7266696,25,2
tt7276514,5,1
tt7286230,6,1
tt7305676,8,1
tt7305676,2,2
tt7315890,2,1
tt7325938,8,1
tt7325938,5,2
tt7335964,6,1
tt7345802,8,1
tt7345802,9,2
tt7355542,4,1
tt7365400,4,1
tt7365400,25,2
tt7375116,7,1
tt7384826,8,1
tt7394572,2,1
tt7404182,8,1
tt7413986,7,1
tt7423532,1,1
tt7423532,2,2
tt7433186,8,1
tt7433186,20,2
tt7433186,5,3
tt7442844,8,1
tt7452748,14,1
tt7452748,8,2
tt7452748,9,3
tt7462618,27,1
tt7472240,8,1
tt7482116,7,1
tt7482116,25,2
tt7491724,11,1
tt7491724,1,2
tt7491724,19,3
tt7501432,8,1
tt7501432,2,2
tt7510998,8,1
tt7510998,9,2
tt7510998,20,3
tt7520756,4,1
tt7520756,8,2
tt7520756,12,3
tt7530792,4,1
tt7530792,8,2
tt7530792,5,3
tt7540836,4,1
tt7540836,5,2
tt7550794,8,1
tt7560526,3,1
tt7560526,8,2
tt7560526,16,3
tt7570204,4,1
tt7570204,2,2
tt7579870,7,1
tt7589762,3,1
tt7599760,17,1
tt7599760,8,2
tt7599760,16,3
tt7609758,8,1
tt7619354,4,1
tt7619354,8,2
tt7619354,16,3
tt7629372,8,1
tt7629372,5,2
tt7639060,8,1
tt7639060,19,2
tt7648742,14,1
tt7658528,7,1
tt7668446,25,1
tt7678180,28,1
tt7688204,1,1
tt7697958,8,1
tt7697958,9,2
tt7697958,10,3
tt7707596,4,1
tt7707596,8,2
tt7707596,5,3
tt7717292,3,1
tt7717292,8,2
tt7717292,16,3
tt7727084,26,1
tt7727084,12,2
tt7727084,27,3
tt7736904,1,1
tt7746582,21,1
tt7746582,2,2
tt7756138,27,1
tt7765892,27,1
tt7775702,4,1
tt7785534,8,1
tt7795360,17,1
tt7795360,8,2
tt7795360,16,3
tt7804886,4,1
tt7814422,4,1
tt7814422,15,2
tt7824210,5,1
tt7834108,2,1
tt7834108,23,2
tt7843864,1,1
tt7853540,1,1
tt7853540,12,2
tt7853540,2,3
tt7863214,6,1
tt7863214,25,2
tt7873012,14,1
tt7873012,1,2
tt7883290,8,1
tt7883290,5,2
tt7893116,3,1
tt7902872,18,1
tt7902872,14,2
tt7902872,8,3
tt7912716,8,1
tt7922572,11,1
tt7932398,4,1
tt7942028,17,1
tt7942028,3,2
tt7942028,4,3
tt7952194,27,1
tt7961946,8,1
tt7971978,5,1
tt7981680,16,1
tt7991242,8,1
tt7991242,5,2
tt8000712,16,1
tt8010296,2,1
tt8020474,8,1
tt8030346,8,1
tt8039948,8,1
tt8049570,4,1
tt8059272,9,1
tt8059272,7,2
tt8059272,21,3
tt8068808,8,1
tt8068808,5,2
tt8078390,8,1
tt8078390,5,2
tt8088068,4,1
tt8107454,12,1
tt8107454,2,2
tt8117210,8,1
tt8117210,2,2
tt8126908,8,1
tt8137040,1,1
tt8137040,2,2
tt8147242,2,1
tt8157340,3,1
tt8157340,2,2
tt8167088,16,1
tt8186706,8,1
tt8186706,20,2
tt8186706,5,3
tt8196460,7,1
tt8206196,8,1
tt8206196,5,2
tt8215908,4,1
tt8235634,7,1
tt8245462,8,1
tt8245462,2,2
tt8255178,25,1
tt8264810,16,1
tt8264810,26,2
tt8274528,3,1
tt8284164,14,1
tt8284164,8,2
tt8284164,20,3
tt8293784,8,1
tt8293784,5,2
tt8303660,8,1
tt8313704,8,1
tt8313704,5,2
tt8323860,7,1
tt8333516,12,1
tt8343126,8,1
tt8343126,2,2
tt8352756,4,1
tt8352756,8,2
tt8362590,4,1
tt8362590,26,2
tt8372386,19,1
tt8372386,12,2
tt8372386,7,3
tt8382144,6,1
tt8391728,28,1
tt8401328,1,1
tt8410896,8,1
tt8410896,5,2
tt8420512,18,1
tt8420512,4,2
tt8420512,14,3
tt8430292,3,1
tt8440100,1,1
tt8440100,2,2
tt8459374,17,1
tt8459374,16,2
tt8459374,12,3
tt8478712,8,1
tt8478712,5,2
tt8488496,6,1
tt8488496,25,2
tt8498404,1,1
tt8508426,8,1
tt8508426,5,2
tt8518090,28,1
tt8527864,4,1
tt8537670,4,1
tt8547352,8,1
tt8547352,5,2
tt8557068,18,1
tt8557068,17,2
tt8557068,4,3
tt8566808,16,1
tt8566808,22,2
tt8576758,3,1
tt8576758,4,2
tt8576758,8,3
tt8586836,4,1
tt8597122,4,1
tt8597122,8,2
tt8597122,5,3
tt8607082,14,1
tt8607082,8,2
tt8607082,20,3
tt8617506,4,1
tt8617506,14,2
tt8617506,8,3
tt8627212,17,1
tt8627212,3,2
tt8627212,4,3
tt8637420,1,1
tt8647390,4,1
tt8657634,8,1
tt8667814,2,1
tt8677940,3,1
tt8677940,4,2
tt8677940,2,3
tt8687912,8,1
tt8687912,5,2
tt8697870,18,1
tt8697870,8,2
tt8697870,9,3
tt8707914,6,1
tt8718008,3,1
tt8728402,1,1
tt8728402,7,2
tt8738408,27,1
tt8748514,4,1
tt8748514,8,2
tt8748514,5,3
tt8758556,14,1
tt8768640,1,1
tt8778500,7,1
tt8778500,25,2
tt8788238,16,1
tt8797892,1,1
tt8807636,25,1
tt8817272,8,1
tt8817272,2,2
tt8826888,11,1
tt8826888,8,2
tt8826888,19,3
tt8836386,26,1
tt8846146,4,1
tt8846146,8,2
tt8846146,5,3
tt8856056,7,1
tt8865790,7,1
tt8865790,6,2
tt8865790,25,3
tt8876066,4,1
tt8876066,10,2
tt8885846,8,1
tt8885846,2,2
tt8905174,8,1
tt8914866,4,1
tt8914866,14,2
tt8914866,8,3
tt8924776,25,1
tt8934590,8,1
tt8934590,5,2
tt8944420,8,1
tt8954058,12,1
tt8954058,2,2
tt8973560,16,1
tt8983256,28,1
tt8992986,4,1
tt9002654,8,1
tt9002654,5,2
tt9012260,25,1
tt9031682,1,1
tt9042782,25,1
tt9052944,6,1
tt9063042,8,1
tt9063042,5,2
tt9072958,10,1
tt9072958,2,2
tt9092554,4,1
tt9102098,8,1
tt9111802,8,1
tt9111802,16,2
tt9121280,27,1
tt9130870,1,1
tt9130870,2,2
tt9140572,1,1
tt9150206,1,1
tt9159884,14,1
tt9169666,8,1
tt9169666,5,2
tt9179646,8,1
tt9189292,10,1
tt9189292,2,2
tt9198942,27,1
tt9198942,25,2
tt9218208,3,1
tt9218208,4,2
tt9218208,2,3
tt9227824,8,1
tt9227824,5,2
tt9237416,4,1
tt9237416,8,2
tt9237416,16,3
tt9247194,17,1
tt9247194,8,2
tt9247194,9,3
tt9256842,28,1
tt9266516,4,1
tt9266516,25,2
tt9276090,8,1
tt9285656,19,1
tt9304834,8,1
tt9314466,7,1
tt9324030,8,1
tt9324030,23,2
tt9333818,5,1
tt9343374,6,1
tt9353088,18,1
tt9353088,14,2
tt9353088,8,3
tt9362804,17,1
tt9362804,8,2
tt9362804,9,3
tt9372534,1,1
tt9382092,25,1
tt9391962,4,1
tt9391962,8,2
tt9401566,8,1
tt9401566,9,2
tt9401566,10,3
tt9411458,4,1
tt9430794,25,1
tt9440302,18,1
tt9440302,17,2
tt9440302,3,3
tt9449694,8,1
tt9459324,4,1
tt9468962,8,1
tt9478682,6,1
tt9488456,8,1
tt9497830,8,1
tt9507390,25,1
tt9517344,25,1
tt9527370,8,1
tt9537334,12,1
tt9547636,4,1
tt9547636,25,2
tt9557668,8,1
tt9557668,5,2
tt9567932,25,1
tt9577630,4,1
tt9587200,27,1
tt9596744,8,1
tt9606380,4,1
tt9616174,5,1
tt9625702,26,1
tt9625702,27,2
tt9635168,8,1
tt9644664,28,1
tt9654134,8,1
tt9663746,14,1
tt9673148,25,1
tt9682856,8,1
tt9692716,8,1
tt9702264,28,1
tt9711770,8,1
tt9721258,1,1
tt9721258,7,2
tt9721258,25,3
tt9730782,8,1
tt9740382,8,1
tt9740382,20,2
tt9740382,5,3
tt9749952,8,1
tt9749952,2,2
tt9759686,1,1
tt9759686,7,2
tt9759686,25,3
tt9769268,8,1
tt9769268,5,2
tt9778978,1,1
tt9788646,2,1
tt9798234,1,1
tt9807900,8,1
tt9817578,3,1
tt9817578,4,2
tt9827138,4,1
tt9827138,2,2
tt9836696,18,1
tt9836696,8,2
tt9836696,12,3
tt9846388,8,1
tt9856372,23,1
tt9866100,8,1
tt9875956,25,1
tt9885718,4,1
tt9885718,9,2
tt9895520,4,1
tt9905186,27,1
tt9914808,17,1
tt9914808,10,2
