title_id,title_type_id,order
tt0004551,1,1
tt0004551,2,2
tt0009119,2,1
tt0009119,1,2
tt0013698,1,1
tt0013698,2,2
tt0018251,2,1
tt0018251,1,2
tt0022864,1,1
tt0022864,6,2
tt0022864,2,3
tt0022864,1,4
tt0027467,1,10
tt0027467,1,11
tt0027467,1,12
tt0027467,1,13
tt0027467,1,1
tt0027467,1,2
tt0027467,1,3
tt0027467,1,4
tt0027467,1,5
tt0027467,1,6
tt0027467,2,7
tt0027467,1,8
tt0027467,1,9
tt0032050,1,10
tt0032050,1,11
tt0032050,1,12
tt0032050,1,13
tt0032050,1,14
tt0032050,2,15
tt0032050,1,2
tt0032050,1,3
tt0032050,3,5
tt0032050,1,7
tt0032050,1,9
tt0036620,2,1
tt0036620,1,2
tt0041189,2,1
tt0041189,1,3
tt0045779,2,3
tt0045779,1,4
tt0045779,1,5
tt0045779,1,6
tt0045779,1,8
tt0045779,1,9
tt0050372,2,1
tt0050372,1,2
tt0059601,1,10
tt0059601,8,11
tt0059601,1,14
tt0059601,5,15
tt0059601,1,16
tt0059601,1,17
tt0059601,1,18
tt0059601,1,1
tt0059601,1,20
tt0059601,1,21
tt0059601,1,22
tt0059601,1,24
tt0059601,5,25
tt0059601,1,26
tt0059601,1,27
tt0059601,1,28
tt0059601,1,30
tt0059601,1,31
tt0059601,1,34
tt0059601,3,4
tt0059601,2,5
tt0059601,1,7
tt0059601,1,8
tt0059601,1,9
tt0064242,1,3
tt0064242,2,4
tt0064242,1,6
tt0068839,1,1
tt0068839,2,2
tt0073477,2,1
tt0073477,1,2
tt0078095,2,2
tt0078095,1,3
tt0078095,1,4
tt0082739,1,1
tt0082739,2,2
tt0087367,1,1
tt0087367,2,2
tt0091970,1,10
tt0091970,1,11
tt0091970,1,12
tt0091970,3,13
tt0091970,1,14
tt0091970,1,15
tt0091970,1,16
tt0091970,1,17
tt0091970,1,1
tt0091970,1,2
tt0091970,1,3
tt0091970,1,4
tt0091970,1,5
tt0091970,1,6
tt0091970,1,7
tt0091970,2,8
tt0091970,1,9
tt0096583,1,1
tt0096583,1,3
tt0096583,2,4
tt0101211,1,1
tt0101211,2,2
tt0105808,1,1
tt0105808,2,2
tt0105808,1,3
tt0110425,1,10
tt0110425,8,11
tt0110425,1,12
tt0110425,1,1
tt0110425,1,2
tt0110425,2,5
tt0110425,1,6
tt0110425,1,9
tt0115058,2,2
tt0119759,2,1
tt0119759,1,2
tt0129439,1,1
tt0129439,2,2
tt0134171,2,1
tt0134171,1,2
tt0138976,1,1
tt0138976,2,2
tt0138976,1,4
tt0143707,1,1
tt0143707,2,3
tt0148429,1,1
tt0148429,2,3
tt0153079,1,2
tt0153079,2,3
tt0157776,1,1
tt0157776,2,2
tt0162664,1,1
tt0162664,2,2
tt0167559,3,1
tt0167559,2,2
tt0167559,1,3
tt0191583,1,1
tt0191583,2,2
tt0196391,1,1
tt0196391,2,2
tt0201289,1,1
tt0201289,2,2
tt0201289,1,3
tt0215719,2,1
tt0215719,1,2
tt0220525,1,1
tt0220525,2,2
tt0230094,2,1
tt0230094,1,2
tt0239444,1,1
tt0239444,2,2
tt0244127,2,1
tt0244127,1,2
tt0248846,2,1
tt0248846,1,2
tt0253599,2,1
tt0253599,1,2
tt0258293,1,1
tt0258293,2,2
tt0258293,1,3
tt0258293,1,4
tt0263003,1,1
tt0263003,2,2
tt0277160,2,1
tt0277160,1,2
tt0277160,1,3
tt0281834,2,2
tt0281834,1,3
tt0295970,1,1
tt0295970,2,2
tt0300678,2,2
tt0305472,1,10
tt0305472,1,11
tt0305472,1,12
tt0305472,1,13
tt0305472,1,14
tt0305472,1,15
tt0305472,1,16
tt0305472,6,1
tt0305472,1,2
tt0305472,1,3
tt0305472,1,4
tt0305472,1,7
tt0305472,1,8
tt0305472,2,9
tt0310140,2,1
tt0310140,1,2
tt0324120,1,1
tt0324120,1,2
tt0324120,1,3
tt0324120,7,4
tt0324120,2,5
tt0324120,8,8
tt0328788,1,1
tt0328788,2,2
tt0328788,1,3
tt0333416,2,1
tt0333416,1,3
tt0338027,1,1
tt0338027,2,2
tt0342958,1,1
tt0342958,2,2
tt0347574,1,1
tt0347574,2,2
tt0361412,2,1
tt0361412,1,2
tt0366082,1,1
tt0366082,2,2
tt0370766,1,1
tt0370766,2,2
tt0370766,1,3
tt0375425,2,1
tt0375425,1,2
tt0380054,1,1
tt0380054,2,2
tt0384991,1,1
tt0384991,1,2
tt0384991,1,3
tt0384991,2,4
tt0384991,1,5
tt0389620,1,1
tt0389620,2,2
tt0398896,1,1
tt0398896,2,3
tt0403508,1,10
tt0403508,1,14
tt0403508,1,16
tt0403508,1,17
tt0403508,1,18
tt0403508,1,19
tt0403508,1,1
tt0403508,1,21
tt0403508,1,23
tt0403508,1,25
tt0403508,1,26
tt0403508,1,27
tt0403508,1,28
tt0403508,1,29
tt0403508,5,2
tt0403508,1,3
tt0403508,1,4
tt0403508,2,7
tt0403508,1,9
tt0408133,2,1
tt0408133,1,2
tt0408133,1,4
tt0408133,6,5
tt0412734,2,1
tt0412734,1,2
tt0421990,2,1
tt0421990,1,3
tt0426590,1,1
tt0426590,2,2
tt0426590,1,3
tt0435827,2,4
tt0440437,2,1
tt0440437,1,2
tt0449700,1,1
tt0449700,2,2
tt0454341,2,1
tt0454341,1,2
tt0458951,1,1
tt0458951,2,2
tt0463568,2,1
tt0463568,1,2
tt0468193,1,1
tt0468193,2,2
tt0472813,2,1
tt0472813,1,2
tt0477472,1,1
tt0477472,1,2
tt0477472,1,3
tt0477472,2,4
tt0477472,1,5
tt0482123,1,1
tt0482123,2,2
tt0491388,1,1
tt0491388,2,2
tt0496005,1,1
tt0496005,2,2
tt0770819,2,2
tt0775456,1,1
tt0775456,2,2
tt0780086,1,1
tt0780086,2,2
tt0835822,2,1
tt0835822,1,2
tt0877642,2,1
tt0877642,6,3
tt0900953,1,1
tt0900953,2,2
tt0970830,2,1
tt0970830,1,2
tt1003071,1,1
tt1003071,2,2
tt1003071,1,3
tt10071282,2,1
tt10071282,1,2
tt1008739,1,1
tt1008739,2,2
tt1010359,2,1
tt1010359,1,2
tt1013605,2,1
tt1013605,1,2
tt1024875,1,1
tt1024875,2,2
tt10500182,1,1
tt10500182,2,2
tt10516496,1,10
tt10516496,1,11
tt10516496,1,12
tt10516496,1,13
tt10516496,2,14
tt10516496,1,15
tt10516496,1,16
tt10516496,6,17
tt10516496,1,18
tt10516496,1,19
tt10516496,1,1
tt10516496,1,20
tt10516496,1,21
tt10516496,1,2
tt10516496,1,3
tt10516496,1,4
tt10516496,1,5
tt10516496,1,6
tt10516496,1,7
tt10516496,1,8
tt10516496,1,9
tt10572870,2,1
tt10572870,1,2
tt10765580,2,1
tt10765580,1,2
tt1077384,1,1
tt1077384,2,2
tt10830178,2,1
tt10830178,1,2
tt11013952,2,1
tt11013952,1,2
tt11037642,1,1
tt11037642,2,2
tt11085230,1,1
tt11085230,2,2
tt1117368,2,3
tt11198412,2,1
tt11198412,1,2
tt11223418,1,1
tt11223418,2,2
tt11256450,2,1
tt11256450,1,2
tt11272882,2,1
tt11272882,1,2
tt11337440,1,1
tt11337440,2,2
tt1134552,2,1
tt1134552,1,2
tt11394188,1,10
tt11394188,4,11
tt11394188,1,12
tt11394188,1,13
tt11394188,1,14
tt11394188,2,15
tt11394188,1,1
tt11394188,1,2
tt11394188,1,3
tt11394188,1,4
tt11394188,1,5
tt11394188,1,6
tt11394188,1,7
tt11394188,1,8
tt11394188,1,9
tt11410200,2,1
tt11410200,1,2
tt11443462,1,1
tt11443462,2,2
tt1156322,1,1
tt1156322,2,2
tt1170014,2,1
tt1170014,1,2
tt1174014,2,1
tt1174014,1,2
tt11820746,1,1
tt11820746,2,2
tt11868976,2,1
tt11868976,1,2
tt11893234,1,1
tt11893234,2,2
tt1190920,1,1
tt1190920,2,2
tt11981782,2,1
tt11981782,1,2
tt1202295,1,1
tt1202295,2,2
tt12047600,2,1
tt12047600,1,2
tt1212106,1,1
tt1212106,2,2
tt12187454,2,1
tt12187454,1,2
tt12220858,1,2
tt12220858,2,3
tt12220858,1,4
tt12229456,2,1
tt12229456,1,2
tt12229456,8,3
tt12278870,3,1
tt12278870,2,2
tt12319254,1,1
tt12319254,2,2
tt12319254,1,3
tt1233526,1,1
tt1233526,2,2
tt12343328,3,1
tt12343328,2,4
tt12572282,2,1
tt12572282,1,2
tt12719846,1,10
tt12719846,1,11
tt12719846,1,12
tt12719846,4,13
tt12719846,1,1
tt12719846,1,2
tt12719846,1,3
tt12719846,1,5
tt12719846,1,6
tt12719846,2,8
tt12719846,4,9
tt12753666,2,1
tt12753666,1,2
tt12830788,1,1
tt12830788,2,2
tt12839216,3,2
tt12839216,2,3
tt1298830,2,1
tt1298830,1,2
tt13020856,2,1
tt13020856,1,2
tt13020856,1,3
tt13020856,1,4
tt13020856,1,5
tt13046016,2,1
tt13046016,1,2
tt13135806,1,1
tt13135806,2,2
tt13144054,1,1
tt13144054,2,2
tt13267632,2,1
tt13267632,1,2
tt13292780,1,1
tt13292780,2,2
tt13326750,1,1
tt13326750,2,2
tt13352198,1,1
tt13352198,2,2
tt13450958,2,1
tt13450958,1,2
tt13483880,2,1
tt13483880,1,2
tt13509266,2,1
tt13509266,1,2
tt1360725,1,1
tt1360725,2,2
tt1362370,2,1
tt1362370,1,2
tt13648554,1,2
tt13648554,2,3
tt1365659,2,1
tt1365659,1,2
tt13672954,2,2
tt13672954,1,3
tt1368111,2,1
tt1368111,1,2
tt13698572,1,1
tt13698572,2,2
tt1371579,1,1
tt1371579,2,2
tt1377336,1,1
tt1377336,2,2
tt13830348,1,1
tt13830348,2,2
tt1395189,1,1
tt1395189,2,2
tt14017054,1,1
tt14017054,2,2
tt14074164,2,1
tt14074164,1,2
tt14172216,2,1
tt14172216,1,2
tt14180740,1,1
tt14180740,2,3
tt14180740,1,4
tt14180740,1,5
tt14278696,1,1
tt14278696,2,2
tt1433517,2,1
tt1433517,1,2
tt14351914,1,1
tt14351914,2,2
tt14376524,1,1
tt14376524,2,2
tt1443373,2,1
tt1443373,1,2
tt14564900,2,1
tt14564900,1,2
tt1468046,2,1
tt1468046,1,2
tt1470539,1,1
tt1470539,2,2
tt1472191,2,1
tt1472191,1,2
tt1472191,1,3
tt1478867,2,1
tt1478867,1,2
tt1482150,2,1
tt1482150,1,2
tt1483781,2,1
tt1483781,1,2
tt14978962,2,1
tt14978962,1,2
tt1500493,2,1
tt1500493,1,2
tt15162686,2,2
tt15162686,1,3
tt15195834,2,1
tt15195834,1,2
tt15204030,1,1
tt15204030,2,2
tt15301750,2,1
tt15301750,1,2
tt15368984,1,1
tt15368984,2,2
tt1538529,1,2
tt1538529,2,3
tt15451356,1,1
tt15451356,2,2
tt1545976,2,2
tt1545976,1,3
tt1546800,1,1
tt1546800,1,2
tt1546800,2,3
tt15568146,1,1
tt15568146,2,2
tt1560707,2,1
tt1560707,1,2
tt1562310,2,1
tt1562310,1,2
tt15679700,1,1
tt15679700,2,2
tt15704284,1,1
tt15704284,2,2
tt1581304,2,1
tt1581304,1,2
tt1587800,2,2
tt1587800,1,3
tt1595019,1,1
tt1595019,2,2
tt16013440,2,1
tt1606311,5,1
tt1606311,2,2
tt1606311,1,3
tt1628772,2,1
tt1628772,1,2
tt1666363,2,1
tt1666363,1,2
tt16732484,2,1
tt16732484,1,2
tt1677663,2,1
tt1677663,1,2
tt1705074,2,1
tt1705074,1,2
tt1719522,2,1
tt1719522,1,2
tt1785353,2,1
tt1785353,1,2
tt18072240,2,1
tt18072240,1,2
tt1814730,2,1
tt1814730,1,2
tt1817791,1,1
tt1817791,2,2
tt18258786,2,1
tt18258786,1,2
tt18372308,1,10
tt18372308,1,1
tt18372308,3,2
tt18372308,1,3
tt18372308,2,4
tt18372308,1,5
tt18372308,1,6
tt18372308,1,7
tt18372308,1,8
tt18372308,1,9
tt1880959,1,1
tt1880959,2,2
tt1922167,2,1
tt19298226,1,1
tt19298226,2,2
tt1937357,2,1
tt1937357,1,2
tt1954854,2,1
tt1954854,1,2
tt1954854,1,3
tt1954854,1,4
tt1954854,1,5
tt1969061,1,1
tt1969061,2,2
tt1984194,2,1
tt1984194,1,3
tt1989712,1,10
tt1989712,1,11
tt1989712,1,12
tt1989712,1,13
tt1989712,1,14
tt1989712,1,15
tt1989712,1,16
tt1989712,2,18
tt1989712,1,19
tt1989712,4,1
tt1989712,1,20
tt1989712,1,21
tt1989712,1,2
tt1989712,1,3
tt1989712,1,4
tt1989712,1,5
tt1989712,1,6
tt1989712,1,7
tt1989712,1,8
tt1989712,1,9
tt20101978,2,1
tt20101978,1,2
tt2016460,2,1
tt2016460,1,2
tt20217332,2,1
tt20217332,1,2
tt20236940,2,1
tt20236940,1,2
tt2038279,2,1
tt2038279,1,2
tt2071553,1,1
tt2071553,2,2
tt2112215,1,1
tt2112215,1,2
tt2112215,2,3
tt2112215,1,4
tt2112215,1,5
tt2122077,1,1
tt2122077,2,2
tt2131533,2,1
tt2131533,1,2
tt2171392,2,1
tt2171392,1,2
tt2191737,1,1
tt2191737,2,2
tt2207435,2,1
tt2207435,1,2
tt2207435,1,3
tt2217673,2,1
tt2217673,1,2
tt2243267,2,1
tt2243267,1,2
tt2268732,1,10
tt2268732,1,11
tt2268732,1,12
tt2268732,1,13
tt2268732,1,14
tt2268732,1,1
tt2268732,1,2
tt2268732,1,3
tt2268732,1,4
tt2268732,1,5
tt2268732,1,6
tt2268732,2,7
tt2268732,1,8
tt2268732,1,9
tt2289149,1,1
tt2289149,2,2
tt2289149,6,3
tt2309001,1,1
tt2309001,2,2
tt2309001,1,3
tt2334739,2,1
tt2334739,1,2
tt2334739,1,3
tt2365841,2,1
tt2365841,1,2
tt2386319,1,1
tt2386319,2,2
tt2452164,2,1
tt2463136,1,1
tt2463136,2,2
tt2473832,1,1
tt2473832,2,2
tt2563804,1,1
tt2563804,2,2
tt2629012,2,1
tt2629012,1,2
tt2651396,1,1
tt2651396,2,2
tt2673062,1,1
tt2673062,2,2
tt2714902,1,1
tt2714902,2,2
tt2769506,2,1
tt2769506,1,2
tt2780098,1,1
tt2780098,2,2
tt2812070,1,1
tt2812070,2,2
tt2823030,2,1
tt2823030,1,2
tt2918606,1,10
tt2918606,1,11
tt2918606,1,12
tt2918606,3,13
tt2918606,2,14
tt2918606,1,15
tt2918606,1,16
tt2918606,1,17
tt2918606,6,18
tt2918606,1,1
tt2918606,1,2
tt2918606,1,3
tt2918606,1,4
tt2918606,1,5
tt2918606,1,6
tt2918606,1,7
tt2918606,1,8
tt2918606,1,9
tt2994948,1,10
tt2994948,1,11
tt2994948,1,12
tt2994948,1,1
tt2994948,1,2
tt2994948,1,3
tt2994948,1,4
tt2994948,1,5
tt2994948,1,6
tt2994948,1,7
tt2994948,1,8
tt2994948,2,9
tt3027964,1,1
tt3027964,2,2
tt3038606,2,1
tt3038606,3,2
tt3059532,1,1
tt3059532,1,2
tt3059532,2,3
tt3071234,2,1
tt3071234,1,2
tt3093310,2,1
tt3093310,1,2
tt3103888,1,1
tt3103888,2,2
tt3125370,2,1
tt3125370,1,2
tt3146264,2,1
tt3146264,3,2
tt3146264,6,3
tt3188544,2,1
tt3188544,1,2
tt3240382,1,1
tt3240382,2,2
tt3260962,2,1
tt3260962,1,2
tt3281644,2,1
tt3281644,1,2
tt3312798,2,1
tt3312798,1,2
tt3323390,2,1
tt3323390,1,2
tt3375166,2,1
tt3375166,1,2
tt3385786,1,1
tt3385786,2,2
tt3447400,1,1
tt3447400,2,2
tt3458206,1,1
tt3458206,2,2
tt3500236,2,1
tt3500236,1,2
tt3563644,2,1
tt3563644,1,2
tt3596224,2,1
tt3596224,1,2
tt3648066,1,1
tt3648066,2,2
tt3751418,2,1
tt3751418,1,2
tt3803038,2,1
tt3803038,1,2
tt3853494,2,1
tt3853494,1,2
tt3853494,1,3
tt3873326,2,1
tt3873326,1,2
tt3953786,1,1
tt3953786,2,2
tt3973770,1,1
tt3973770,2,2
tt3983944,1,2
tt3983944,2,3
tt4145184,1,1
tt4145184,2,2
tt4248130,2,1
tt4248130,1,2
tt4298008,2,1
tt4298008,1,2
tt4347928,2,1
tt4347928,1,2
tt4397590,2,1
tt4397590,1,2
tt4417064,2,1
tt4417064,1,2
tt4427342,1,1
tt4427342,2,2
tt4437164,1,1
tt4437164,2,2
tt4457612,2,1
tt4457612,1,2
tt4498298,2,2
tt4569952,1,1
tt4569952,2,2
tt4610162,2,1
tt4610162,1,2
tt4701906,1,1
tt4701906,1,2
tt4701906,1,3
tt4701906,2,4
tt4701906,1,5
tt4701906,3,6
tt4701906,1,7
tt4701906,6,8
tt4742124,2,1
tt4742124,1,2
tt4785014,1,1
tt4785014,1,2
tt4785014,2,3
tt4785014,1,4
tt4785014,1,5
tt4845720,1,1
tt4845720,2,2
tt4856256,1,1
tt4856256,2,2
tt4947942,2,1
tt4947942,1,2
tt4947942,6,3
tt4947942,1,4
tt4968190,1,1
tt4968190,2,2
tt4978412,1,1
tt4978412,2,2
tt5048998,2,1
tt5048998,1,2
tt5120026,1,1
tt5120026,2,2
tt5140422,2,1
tt5140422,1,2
tt5253032,2,1
tt5253032,1,2
tt5334154,1,1
tt5334154,2,2
tt5443616,2,1
tt5443616,1,2
tt5503924,1,1
tt5503924,2,2
tt5514398,2,1
tt5514398,1,2
tt5554588,2,1
tt5554588,1,2
tt5564524,2,1
tt5564524,1,2
tt5595232,2,1
tt5595232,1,2
tt5615700,1,10
tt5615700,1,11
tt5615700,1,12
tt5615700,1,13
tt5615700,1,14
tt5615700,1,15
tt5615700,1,16
tt5615700,1,17
tt5615700,1,18
tt5615700,1,19
tt5615700,1,1
tt5615700,1,20
tt5615700,1,21
tt5615700,1,22
tt5615700,1,23
tt5615700,1,24
tt5615700,6,25
tt5615700,1,26
tt5615700,1,27
tt5615700,1,28
tt5615700,1,29
tt5615700,1,2
tt5615700,1,30
tt5615700,1,31
tt5615700,1,32
tt5615700,1,3
tt5615700,2,4
tt5615700,1,5
tt5615700,1,6
tt5615700,1,7
tt5615700,1,8
tt5615700,3,9
tt5635832,1,1
tt5635832,1,2
tt5635832,2,3
tt5635832,1,4
tt5635832,1,5
tt5728592,2,1
tt5728592,1,2
tt5821882,1,1
tt5821882,2,2
tt5832096,1,1
tt5832096,2,2
tt5852468,1,1
tt5852468,2,2
tt6044056,2,1
tt6044056,1,2
tt6105576,2,1
tt6105576,1,2
tt6155578,2,1
tt6155578,1,2
tt6246536,2,1
tt6286586,1,1
tt6286586,2,2
tt6326164,1,1
tt6326164,2,2
tt6477924,3,1
tt6477924,1,2
tt6477924,2,3
tt6487762,1,1
tt6487762,2,2
tt6557260,1,2
tt6557260,2,3
tt6566878,2,1
tt6566878,1,2
tt6616096,2,1
tt6645244,1,1
tt6645244,1,2
tt6645244,2,3
tt6655128,2,1
tt6655128,1,2
tt6714530,1,1
tt6714530,3,2
tt6714530,2,3
tt6829926,2,1
tt6829926,1,2
tt6839838,2,1
tt6839838,1,2
tt6849882,2,1
tt6849882,1,2
tt6869922,2,2
tt6910228,2,1
tt6910228,1,2
tt6999026,1,1
tt6999026,2,2
tt7009214,2,1
tt7009214,1,2
tt7049212,1,1
tt7049212,2,2
tt7099176,1,1
tt7099176,2,2
tt7257104,1,1
tt7257104,2,2
tt7266696,2,1
tt7266696,1,2
tt7305676,1,1
tt7305676,2,2
tt7394572,1,1
tt7394572,2,2
tt7423532,1,1
tt7423532,2,2
tt7491724,2,1
tt7491724,1,2
tt7501432,1,1
tt7501432,2,2
tt7510998,2,2
tt7510998,1,3
tt7570204,2,1
tt7570204,1,2
tt7688204,2,1
tt7688204,1,2
tt7746582,1,1
tt7746582,2,2
tt7756138,2,1
tt7756138,1,2
tt7834108,1,1
tt7834108,2,2
tt7853540,2,1
tt7853540,1,2
tt8010296,1,1
tt8010296,2,2
tt8010296,1,3
tt8049570,1,1
tt8049570,1,2
tt8049570,2,3
tt8107454,1,1
tt8107454,2,2
tt8117210,2,1
tt8117210,1,2
tt8137040,1,1
tt8137040,2,3
tt8157340,1,1
tt8157340,1,2
tt8157340,1,3
tt8157340,1,4
tt8157340,1,5
tt8157340,1,6
tt8157340,2,7
tt8245462,2,1
tt8245462,1,2
tt8343126,1,1
tt8343126,2,2
tt8343126,1,3
tt8420512,1,1
tt8420512,2,2
tt8440100,2,1
tt8440100,1,2
tt8469000,1,1
tt8469000,2,2
tt8527864,1,1
tt8527864,2,2
tt8586836,2,1
tt8586836,1,3
tt8637420,2,1
tt8637420,1,2
tt8647390,1,1
tt8647390,2,2
tt8667814,2,1
tt8667814,1,2
tt8697870,1,10
tt8697870,1,11
tt8697870,1,12
tt8697870,1,13
tt8697870,1,14
tt8697870,1,15
tt8697870,1,16
tt8697870,1,17
tt8697870,1,18
tt8697870,1,19
tt8697870,1,1
tt8697870,1,20
tt8697870,1,21
tt8697870,1,22
tt8697870,1,23
tt8697870,1,24
tt8697870,2,25
tt8697870,1,26
tt8697870,1,27
tt8697870,1,28
tt8697870,1,29
tt8697870,1,2
tt8697870,1,30
tt8697870,3,31
tt8697870,1,3
tt8697870,1,4
tt8697870,1,5
tt8697870,1,6
tt8697870,1,7
tt8697870,1,8
tt8697870,1,9
tt8707914,2,1
tt8707914,1,2
tt8817272,2,1
tt8817272,1,2
tt8885846,1,1
tt8885846,2,2
tt8954058,1,1
tt8954058,2,2
tt8973560,1,1
tt8973560,2,2
tt8992986,1,1
tt8992986,2,2
tt9130870,2,1
tt9130870,1,2
tt9150206,2,1
tt9150206,1,2
tt9189292,1,1
tt9189292,2,2
tt9218208,1,1
tt9218208,2,2
tt9537334,1,1
tt9537334,2,2
tt9587200,2,1
tt9587200,1,2
tt9730782,1,1
tt9730782,2,2
tt9749952,2,1
tt9749952,1,2
tt9827138,1,1
tt9827138,2,2
tt9856372,1,1
tt9856372,2,2
tt9856372,1,3
tt9914808,2,1
tt9914808,1,2
